"","j.date","temp","year"
"1",211,20.08571429,1998
"2",212,19.78583333,1998
"3",213,19.745,1998
"4",214,20.01333333,1998
"5",215,20.37916667,1998
"6",216,21.44416667,1998
"7",217,22.05083333,1998
"8",218,22.12333333,1998
"9",219,21.71916667,1998
"10",220,20.93416667,1998
"11",221,21.05916667,1998
"12",222,21.2225,1998
"13",223,20.83916667,1998
"14",224,20.66333333,1998
"15",225,20.56833333,1998
"16",226,20.81333333,1998
"17",227,20.54333333,1998
"18",228,19.96333333,1998
"19",229,19.42333333,1998
"20",230,19.17833333,1998
"21",231,18.93416667,1998
"22",232,20.045,1998
"23",233,20.395,1998
"24",234,20.16333333,1998
"25",235,19.83,1998
"26",236,19.89666667,1998
"27",237,20.15083333,1998
"28",238,20.58583333,1998
"29",239,20.45916667,1998
"30",240,20.08333333,1998
"31",241,20.01666667,1998
"32",242,19.55666667,1998
"33",243,19.625,1998
"34",244,19.41,1998
"35",245,18.84083333,1998
"36",246,18.57,1998
"37",247,18.82916667,1998
"38",248,19.23333333,1998
"39",249,19.20666667,1998
"40",250,18.1675,1998
"41",251,18.05833333,1998
"42",252,18.18083333,1998
"43",253,18.20833333,1998
"44",254,18.69583333,1998
"45",255,18.45083333,1998
"46",256,18.37,1998
"47",257,18.27666667,1998
"48",258,18.22,1998
"49",259,18.15583333,1998
"50",260,17.8425,1998
"51",261,18.17916667,1998
"52",262,17.45333333,1998
"53",263,17.38666667,1998
"54",264,16.20416667,1998
"55",265,16.09416667,1998
"56",266,16.28166667,1998
"57",267,16.33166667,1998
"58",268,16.29416667,1998
"59",269,15.85916667,1998
"60",270,15.77916667,1998
"61",271,15.62083333,1998
"62",272,15.31416667,1998
"63",273,14.80166667,1998
"64",274,13.7875,1998
"65",275,13.4,1998
"66",276,13.6725,1998
"67",277,13.73583333,1998
"68",278,13.51833333,1998
"69",279,13.27166667,1998
"70",280,13.03,1998
"71",281,12.9675,1998
"72",282,13.03,1998
"73",283,12.81166667,1998
"74",284,12.57666667,1998
"75",285,12.67083333,1998
"76",286,11.6625,1998
"77",287,11.2525,1998
"78",288,11.48166667,1998
"79",289,11.5575,1998
"80",290,11.61,1998
"81",291,10.94166667,1998
"82",292,10.67,1998
"83",293,9.778333333,1998
"84",294,9.8425,1998
"85",295,10.11416667,1998
"86",296,10.255,1998
"87",297,10.26833333,1998
"88",298,9.841666667,1998
"89",299,9.9325,1998
"90",300,10.07416667,1998
"91",301,9.675,1998
"92",302,9.419166667,1998
"93",303,9.41,1998
"94",304,9.145833333,1998
"95",305,8.516666667,1998
"96",306,7.718333333,1998
"97",307,7.136666667,1998
"98",308,6.893333333,1998
"99",309,6.930833333,1998
"100",310,7.0225,1998
"101",311,7.060833333,1998
"102",312,7.075833333,1998
"103",313,6.996666667,1998
"104",314,6.893333333,1998
"105",315,6.219166667,1998
"106",316,5.3125,1998
"107",317,5.661666667,1998
"108",318,5.518333333,1998
"109",319,5.0275,1998
"110",320,4.675,1998
"111",321,4.5425,1998
"112",322,4.440833333,1998
"113",323,3.590833333,1998
"114",324,3.486666667,1998
"115",325,3.656666667,1998
"116",326,4.089166667,1998
"117",327,3.945,1998
"118",328,3.5,1998
"119",329,3.908333333,1998
"120",330,3.499166667,1998
"121",331,3.473333333,1998
"122",332,3.46,1998
"123",333,3.513333333,1998
"124",334,3.646666667,1998
"125",335,3.2775,1998
"126",336,3.096666667,1998
"127",337,3.226666667,1998
"128",338,2.898333333,1998
"129",339,2.505833333,1998
"130",340,2.240833333,1998
"131",341,1.819166667,1998
"132",342,1.621666667,1998
"133",343,1.738333333,1998
"134",344,1.621666667,1998
"135",345,1.911666667,1998
"136",346,1.975,1998
"137",347,1.463333333,1998
"138",348,1.870833333,1998
"139",349,1.8575,1998
"140",350,1.583333333,1998
"141",351,0.876666667,1998
"142",352,1.17,1998
"143",353,0.89,1998
"144",354,0.863333333,1998
"145",355,0.663333333,1998
"146",356,0.623333333,1998
"147",357,0.743333333,1998
"148",358,0.77,1998
"149",359,0.823333333,1998
"150",360,0.716666667,1998
"151",361,0.756666667,1998
"152",362,0.69,1998
"153",363,0.503333333,1998
"154",364,0.49,1998
"155",365,0.303333333,1998
"156",1,0.375,2000
"157",2,0.29,2000
"158",3,0.276666667,2000
"159",4,0.196666667,2000
"160",5,0.13,2000
"161",6,0.13,2000
"162",7,0.13,2000
"163",8,0.13,2000
"164",9,0.13,2000
"165",10,0.13,2000
"166",11,0.13,2000
"167",12,0.13,2000
"168",13,0.13,2000
"169",14,0.13,2000
"170",15,0.13,2000
"171",16,0.13,2000
"172",17,0.13,2000
"173",18,0.13,2000
"174",19,0.13,2000
"175",20,0.13,2000
"176",21,0.1175,2000
"177",22,0.13,2000
"178",23,0.13,2000
"179",24,0.13,2000
"180",25,0.13,2000
"181",26,0.13,2000
"182",27,0.13,2000
"183",28,0.13,2000
"184",29,0.1175,2000
"185",30,0.13,2000
"186",31,0.13,2000
"187",32,0.13,2000
"188",33,0.13,2000
"189",34,0.13,2000
"190",35,0.13,2000
"191",36,0.13,2000
"192",37,0.13,2000
"193",38,0.13,2000
"194",39,0.13,2000
"195",40,0.13,2000
"196",41,0.13,2000
"197",42,0.0925,2000
"198",43,0.1175,2000
"199",44,0.0675,2000
"200",45,0.13,2000
"201",46,0.13,2000
"202",47,0.13,2000
"203",48,0.0925,2000
"204",49,0.13,2000
"205",50,0.13,2000
"206",51,0.13,2000
"207",52,0.13,2000
"208",53,0.143333333,2000
"209",54,0.156666667,2000
"210",55,0.13,2000
"211",56,0.13,2000
"212",57,0.21,2000
"213",58,0.21,2000
"214",59,0.223333333,2000
"215",60,0.3325,2000
"216",61,0.29,2000
"217",62,0.375,2000
"218",63,0.389166667,2000
"219",64,0.5,2000
"220",65,0.513333333,2000
"221",66,0.590833333,2000
"222",67,0.67,2000
"223",68,0.606666667,2000
"224",69,0.54,2000
"225",70,0.644166667,2000
"226",71,0.67,2000
"227",72,0.630833333,2000
"228",73,0.579166667,2000
"229",74,0.67,2000
"230",75,0.6825,2000
"231",76,0.655833333,2000
"232",77,0.6825,2000
"233",78,0.76,2000
"234",79,0.783333333,2000
"235",80,0.863333333,2000
"236",81,0.97,2000
"237",82,1.116666667,2000
"238",83,1.236666667,2000
"239",84,1.33,2000
"240",85,1.41,2000
"241",86,1.49,2000
"242",87,1.41,2000
"243",88,1.436666667,2000
"244",89,1.503333333,2000
"245",90,1.583333333,2000
"246",91,1.65,2000
"247",92,1.69,2000
"248",93,1.823333333,2000
"249",94,1.716666667,2000
"250",95,1.596666667,2000
"251",96,1.663333333,2000
"252",97,1.623333333,2000
"253",98,1.49,2000
"254",99,1.57,2000
"255",100,1.45,2000
"256",101,1.37,2000
"257",102,1.49,2000
"258",103,1.636666667,2000
"259",104,1.65,2000
"260",105,1.703333333,2000
"261",106,1.69,2000
"262",107,1.81,2000
"263",108,1.903333333,2000
"264",109,1.983333333,2000
"265",110,2.036666667,2000
"266",111,2.17,2000
"267",112,2.3,2000
"268",113,2.4075,2000
"269",114,2.63,2000
"270",115,2.826666667,2000
"271",116,3.093333333,2000
"272",117,3.263333333,2000
"273",118,3.421666667,2000
"274",119,3.523333333,2000
"275",120,3.575833333,2000
"276",121,3.576666667,2000
"277",122,3.615,2000
"278",123,3.691666667,2000
"279",124,3.835,2000
"280",125,4.16,2000
"281",126,4.328333333,2000
"282",127,4.665833333,2000
"283",128,5.130833333,2000
"284",129,5.1675,2000
"285",130,5.1575,2000
"286",131,5.286666667,2000
"287",132,5.246666667,2000
"288",133,5.3525,2000
"289",134,5.364166667,2000
"290",135,5.31,2000
"291",136,5.310833333,2000
"292",137,5.4275,2000
"293",138,5.574166667,2000
"294",139,5.833333333,2000
"295",140,5.7675,2000
"296",141,5.793333333,2000
"297",142,5.8725,2000
"298",143,6.04,2000
"299",144,6.026666667,2000
"300",145,6.143333333,2000
"301",146,6.26,2000
"302",147,6.338333333,2000
"303",148,6.606666667,2000
"304",149,6.686666667,2000
"305",150,6.854166667,2000
"306",151,7.179166667,2000
"307",152,7.59,2000
"308",153,7.6825,2000
"309",154,7.601666667,2000
"310",155,7.716666667,2000
"311",156,8.138333333,2000
"312",157,8.344166667,2000
"313",158,8.585833333,2000
"314",159,8.626666667,2000
"315",160,8.560833333,2000
"316",161,8.7025,2000
"317",162,8.576666667,2000
"318",163,8.443333333,2000
"319",164,8.433333333,2000
"320",165,8.674166667,2000
"321",166,8.7775,2000
"322",167,8.815,2000
"323",168,8.8275,2000
"324",169,8.7275,2000
"325",170,8.576666667,2000
"326",171,8.7125,2000
"327",172,8.880833333,2000
"328",173,9.111666667,2000
"329",174,9.435,2000
"330",175,9.564166667,2000
"331",176,9.706666667,2000
"332",177,10.12083333,2000
"333",178,10.18583333,2000
"334",179,10.5325,2000
"335",180,10.45583333,2000
"336",181,10.76666667,2000
"337",182,10.97,2000
"338",183,11.3675,2000
"339",184,12.01333333,2000
"340",185,11.89666667,2000
"341",186,12.7,2000
"342",187,12.99916667,2000
"343",188,13.075,2000
"344",189,13.24333333,2000
"345",190,13.29416667,2000
"346",191,13.69,2000
"347",192,13.98666667,2000
"348",193,13.7025,2000
"349",194,13.6625,2000
"350",195,13.94916667,2000
"351",196,14.37583333,2000
"352",197,14.38666667,2000
"353",198,14.5925,2000
"354",199,14.78916667,2000
"355",200,14.63333333,2000
"356",201,14.60666667,2000
"357",202,14.82833333,2000
"358",203,14.74,2000
"359",204,14.75,2000
"360",205,14.94666667,2000
"361",206,15.08666667,2000
"362",207,15.19083333,2000
"363",208,15.31,2000
"364",209,15.58333333,2000
"365",210,16.005,2000
"366",211,16.20333333,2000
"367",212,16.35,2000
"368",213,16.57583333,2000
"369",214,16.775,2000
"370",215,17.02583333,2000
"371",216,16.60166667,2000
"372",217,17.02416667,2000
"373",218,17.06,2000
"374",219,17.02,2000
"375",220,16.99416667,2000
"376",221,16.61666667,2000
"377",222,16.51,2000
"378",223,16.91916667,2000
"379",224,17.00833333,2000
"380",225,16.8775,2000
"381",226,17.20833333,2000
"382",227,17.11416667,2000
"383",228,17.02333333,2000
"384",229,17.06,2000
"385",230,16.9425,2000
"386",231,16.76333333,2000
"387",232,16.69583333,2000
"388",233,16.56333333,2000
"389",234,16.19,2000
"390",235,16.15,2000
"391",236,16.16333333,2000
"392",237,16.21666667,2000
"393",238,16.07,2000
"394",239,16.39,2000
"395",240,16.27,2000
"396",241,16.25666667,2000
"397",242,16.48333333,2000
"398",243,16.45666667,2000
"399",244,16.33666667,2000
"400",245,16.24333333,2000
"401",246,16.31,2000
"402",247,16.16333333,2000
"403",248,15.99,2000
"404",249,15.7825,2000
"405",250,15.50666667,2000
"406",251,15.16333333,2000
"407",252,14.7775,2000
"408",253,14.3725,2000
"409",254,14.34833333,2000
"410",255,14.31,2000
"411",256,14.2225,2000
"412",257,14.18416667,2000
"413",258,14.14666667,2000
"414",259,14,2000
"415",260,13.88083333,2000
"416",261,13.8575,2000
"417",262,13.89333333,2000
"418",263,13.8025,2000
"419",264,13.54,2000
"420",265,13.39416667,2000
"421",266,13.1925,2000
"422",267,12.9875,2000
"423",268,12.71666667,2000
"424",269,12.65,2000
"425",270,12.51,2000
"426",271,12.32666667,2000
"427",272,11.99,2000
"428",273,11.91,2000
"429",274,11.84666667,2000
"430",275,11.885,2000
"431",276,11.9225,2000
"432",277,11.87083333,2000
"433",278,11.62666667,2000
"434",279,11.3825,2000
"435",280,11.1725,2000
"436",281,10.895,2000
"437",282,10.65,2000
"438",283,10.51916667,2000
"439",284,10.455,2000
"440",285,10.39166667,2000
"441",286,10.27333333,2000
"442",287,10.26333333,2000
"443",288,10.11916667,2000
"444",289,9.821666667,2000
"445",290,9.7075,2000
"446",291,9.695,2000
"447",292,9.72,2000
"448",293,9.6675,2000
"449",294,9.655833333,2000
"450",295,9.603333333,2000
"451",296,9.485833333,2000
"452",297,9.523333333,2000
"453",298,9.498333333,2000
"454",299,9.4975,2000
"455",300,9.616666667,2000
"456",301,9.408333333,2000
"457",302,9.1375,2000
"458",303,9.075,2000
"459",304,8.97,2000
"460",305,8.89,2000
"461",306,8.89,2000
"462",307,8.89,2000
"463",308,8.765,2000
"464",309,8.6025,2000
"465",310,8.496666667,2000
"466",311,8.43,2000
"467",312,8.305,2000
"468",313,8.18,2000
"469",314,7.983333333,2000
"470",315,7.8575,2000
"471",316,7.63,2000
"472",317,7.36,2000
"473",318,7.116666667,2000
"474",319,6.710833333,2000
"475",320,6.415833333,2000
"476",321,6.219166667,2000
"477",322,5.754166667,2000
"478",323,5.39,2000
"479",324,5.13,2000
"480",325,4.7175,2000
"481",326,4.196666667,2000
"482",327,3.873333333,2000
"483",328,3.63,2000
"484",329,3.55,2000
"485",330,3.37,2000
"486",331,3.266666667,2000
"487",332,3.106666667,2000
"488",333,3.066666667,2000
"489",334,3,2000
"490",335,2.946666667,2000
"491",336,2.666666667,2000
"492",337,2.4825,2000
"493",338,2.6,2000
"494",339,2.521666667,2000
"495",340,2.063333333,2000
"496",341,1.676666667,2000
"497",342,1.623333333,2000
"498",343,1.596666667,2000
"499",344,1.623333333,2000
"500",345,1.33,2000
"501",346,1.17,2000
"502",347,1.143333333,2000
"503",348,1.17,2000
"504",349,1.25,2000
"505",350,1.25,2000
"506",351,1.156666667,2000
"507",352,1.076666667,2000
"508",353,0.836666667,2000
"509",354,0.72,2000
"510",355,0.62,2000
"511",356,0.566666667,2000
"512",357,0.46,2000
"513",358,0.3325,2000
"514",359,0.3325,2000
"515",360,0.29,2000
"516",361,0.29,2000
"517",362,0.25,2000
"518",363,0.29,2000
"519",364,0.29,2000
"520",365,0.29,2000
"521",1,0.276666667,2001
"522",2,0.29,2001
"523",3,0.29,2001
"524",4,0.276666667,2001
"525",5,0.21,2001
"526",6,0.13,2001
"527",7,0.143333333,2001
"528",8,0.143333333,2001
"529",9,0.183333333,2001
"530",10,0.183333333,2001
"531",11,0.17,2001
"532",12,0.183333333,2001
"533",13,0.276666667,2001
"534",14,0.183333333,2001
"535",15,0.17,2001
"536",16,0.143333333,2001
"537",17,0.183333333,2001
"538",18,0.21,2001
"539",19,0.156666667,2001
"540",20,0.196666667,2001
"541",21,0.17,2001
"542",22,0.223333333,2001
"543",23,0.29,2001
"544",24,0.196666667,2001
"545",25,0.196666667,2001
"546",26,0.13,2001
"547",27,0.13,2001
"548",28,0.183333333,2001
"549",29,0.196666667,2001
"550",30,0.143333333,2001
"551",31,0.143333333,2001
"552",32,0.143333333,2001
"553",33,0.156666667,2001
"554",34,0.13,2001
"555",35,0.17,2001
"556",36,0.17,2001
"557",37,0.196666667,2001
"558",38,0.156666667,2001
"559",39,0.156666667,2001
"560",40,0.13,2001
"561",41,0.143333333,2001
"562",42,0.156666667,2001
"563",43,0.17,2001
"564",44,0.143333333,2001
"565",45,0.143333333,2001
"566",46,0.143333333,2001
"567",47,0.156666667,2001
"568",48,0.156666667,2001
"569",49,0.143333333,2001
"570",50,0.156666667,2001
"571",51,0.13,2001
"572",52,0.143333333,2001
"573",53,0.13,2001
"574",54,0.156666667,2001
"575",55,0.13,2001
"576",56,0.13,2001
"577",57,0.156666667,2001
"578",58,0.143333333,2001
"579",59,0.156666667,2001
"580",60,0.17,2001
"581",61,0.13,2001
"582",62,0.156666667,2001
"583",63,0.13,2001
"584",64,0.17,2001
"585",65,0.183333333,2001
"586",66,0.156666667,2001
"587",67,0.183333333,2001
"588",68,0.183333333,2001
"589",69,0.156666667,2001
"590",70,0.183333333,2001
"591",71,0.13,2001
"592",72,0.21,2001
"593",73,0.196666667,2001
"594",74,0.210833333,2001
"595",75,0.238333333,2001
"596",76,0.265833333,2001
"597",77,0.2925,2001
"598",78,0.264166667,2001
"599",79,0.304166667,2001
"600",80,0.374166667,2001
"601",81,0.360833333,2001
"602",82,0.346666667,2001
"603",83,0.374166667,2001
"604",84,0.360833333,2001
"605",85,0.375,2001
"606",86,0.443333333,2001
"607",87,0.443333333,2001
"608",88,0.539166667,2001
"609",89,0.513333333,2001
"610",90,0.5775,2001
"611",91,0.603333333,2001
"612",92,0.616666667,2001
"613",93,0.668333333,2001
"614",94,0.734166667,2001
"615",95,0.72,2001
"616",96,0.876666667,2001
"617",97,0.77,2001
"618",98,0.876666667,2001
"619",99,0.903333333,2001
"620",100,0.876666667,2001
"621",101,0.956666667,2001
"622",102,0.93,2001
"623",103,1.05,2001
"624",104,0.983333333,2001
"625",105,0.93,2001
"626",106,0.93,2001
"627",107,1.01,2001
"628",108,1.063333333,2001
"629",109,1.116666667,2001
"630",110,1.25,2001
"631",111,1.223333333,2001
"632",112,1.223333333,2001
"633",113,1.183333333,2001
"634",114,1.343333333,2001
"635",115,1.41,2001
"636",116,1.663333333,2001
"637",117,1.73,2001
"638",118,1.983333333,2001
"639",119,2.221666667,2001
"640",120,2.4175,2001
"641",121,2.628333333,2001
"642",122,2.933333333,2001
"643",123,3.275833333,2001
"644",124,3.719166667,2001
"645",125,4.056666667,2001
"646",126,4.25,2001
"647",127,4.33,2001
"648",128,4.370833333,2001
"649",129,4.590833333,2001
"650",130,4.774166667,2001
"651",131,4.931666667,2001
"652",132,4.893333333,2001
"653",133,5.049166667,2001
"654",134,5.156666667,2001
"655",135,5.130833333,2001
"656",136,5.3125,2001
"657",137,5.426666667,2001
"658",138,5.9075,2001
"659",139,6.194166667,2001
"660",140,6.206666667,2001
"661",141,6.3625,2001
"662",142,6.9025,2001
"663",143,7.1225,2001
"664",144,7.286666667,2001
"665",145,7.578333333,2001
"666",146,7.541666667,2001
"667",147,7.608333333,2001
"668",148,8.0725,2001
"669",149,8.125,2001
"670",150,8.29,2001
"671",151,8.585,2001
"672",152,8.559166667,2001
"673",153,8.891666667,2001
"674",154,8.736666667,2001
"675",155,8.75,2001
"676",156,8.840833333,2001
"677",157,8.88,2001
"678",158,8.93,2001
"679",159,9.378333333,2001
"680",160,9.161666667,2001
"681",161,9.175833333,2001
"682",162,9.06,2001
"683",163,9.279166667,2001
"684",164,9.304166667,2001
"685",165,9.123333333,2001
"686",166,9.614166667,2001
"687",167,9.95,2001
"688",168,10.3625,2001
"689",169,10.18333333,2001
"690",170,10.145,2001
"691",171,10.5675,2001
"692",172,10.69666667,2001
"693",173,10.76083333,2001
"694",174,10.8375,2001
"695",175,11.08166667,2001
"696",176,11.095,2001
"697",177,11.30166667,2001
"698",178,11.90666667,2001
"699",179,11.64916667,2001
"700",180,11.79083333,2001
"701",181,12.51083333,2001
"702",182,12.07416667,2001
"703",183,11.855,2001
"704",184,12.4075,2001
"705",185,12.7075,2001
"706",186,12.49916667,2001
"707",187,12.18916667,2001
"708",188,12.15,2001
"709",189,12.45916667,2001
"710",190,12.90083333,2001
"711",191,13.0825,2001
"712",192,13.09416667,2001
"713",193,13.64416667,2001
"714",194,14.1875,2001
"715",195,14.32833333,2001
"716",196,14.16,2001
"717",197,14.17333333,2001
"718",198,14.24,2001
"719",199,14.22666667,2001
"720",200,14.3025,2001
"721",201,14.46083333,2001
"722",202,14.79916667,2001
"723",203,15.15666667,2001
"724",204,15.20833333,2001
"725",205,15.82916667,2001
"726",206,15.55333333,2001
"727",207,15.935,2001
"728",208,16.43,2001
"729",209,16.52166667,2001
"730",210,16.65333333,2001
"731",211,16.3775,2001
"732",212,16.3525,2001
"733",213,16.365,2001
"734",214,16.6175,2001
"735",215,16.73333333,2001
"736",216,16.80083333,2001
"737",217,16.85333333,2001
"738",218,17.16,2001
"739",219,17.28,2001
"740",220,17.18666667,2001
"741",221,17.16,2001
"742",222,17.24,2001
"743",223,17.05333333,2001
"744",224,17.50666667,2001
"745",225,17.72,2001
"746",226,18.04125,2001
"747",227,17.84444444,2001
"748",228,16.446,2001
"749",229,17.66666667,2001
"750",230,17.80888889,2001
"751",231,18.095,2001
"752",232,18.22222222,2001
"753",233,18,2001
"754",234,18.93166667,2001
"755",235,18.65833333,2001
"756",236,18.6825,2001
"757",237,18.33333333,2001
"758",238,18.69833333,2001
"759",239,19.05,2001
"760",240,18.99666667,2001
"761",241,18.9025,2001
"762",242,18.99666667,2001
"763",243,18.84833333,2001
"764",244,18.50666667,2001
"765",245,18.30666667,2001
"766",246,18.22666667,2001
"767",247,18.05333333,2001
"768",248,17.86666667,2001
"769",249,17.85333333,2001
"770",250,17.8,2001
"771",251,17.72,2001
"772",252,17.46666667,2001
"773",253,17.25333333,2001
"774",254,17.14666667,2001
"775",255,17.05333333,2001
"776",256,16.76,2001
"777",257,16.50666667,2001
"778",258,16.39166667,2001
"779",259,16.22333333,2001
"780",260,15.8575,2001
"781",261,15.63333333,2001
"782",262,15.34,2001
"783",263,15.39333333,2001
"784",264,15.27333333,2001
"785",265,15.19333333,2001
"786",266,14.90583333,2001
"787",267,14.51,2001
"788",268,14.41916667,2001
"789",269,14.44333333,2001
"790",270,14.23833333,2001
"791",271,14.00583333,2001
"792",272,13.94,2001
"793",273,13.92833333,2001
"794",274,13.92833333,2001
"795",275,13.77083333,2001
"796",276,13.595,2001
"797",277,13.35,2001
"798",278,13.135,2001
"799",279,12.78416667,2001
"800",280,12.4475,2001
"801",281,12.2275,2001
"802",282,12.2275,2001
"803",283,12.07,2001
"804",284,12.11,2001
"805",285,11.97,2001
"806",286,11.77,2001
"807",287,11.74333333,2001
"808",288,11.51,2001
"809",289,11.24916667,2001
"810",290,10.96666667,2001
"811",291,10.84,2001
"812",292,10.68,2001
"813",293,10.505,2001
"814",294,10.28666667,2001
"815",295,10.09416667,2001
"816",296,9.885,2001
"817",297,9.64,2001
"818",298,9.250833333,2001
"819",299,8.546666667,2001
"820",300,8.236666667,2001
"821",301,8.0975,2001
"822",302,7.946666667,2001
"823",303,7.67,2001
"824",304,7.5275,2001
"825",305,7.4275,2001
"826",306,7.3275,2001
"827",307,7.263333333,2001
"828",308,7.17,2001
"829",309,7.03,2001
"830",310,7.03,2001
"831",311,6.9425,2001
"832",312,6.763333333,2001
"833",313,6.6325,2001
"834",314,6.545,2001
"835",315,6.52,2001
"836",316,6.453333333,2001
"837",317,6.36,2001
"838",318,6.36,2001
"839",319,6.453333333,2001
"840",320,6.36,2001
"841",321,6.386666667,2001
"842",322,6.36,2001
"843",323,6.195833333,2001
"844",324,5.97,2001
"845",325,5.8775,2001
"846",326,5.765,2001
"847",327,5.74,2001
"848",328,5.74,2001
"849",329,5.556666667,2001
"850",330,5.090833333,2001
"851",331,4.669166667,2001
"852",332,4.436666667,2001
"853",333,4.305,2001
"854",334,4.18,2001
"855",335,4.02,2001
"856",336,3.8825,2001
"857",337,3.803333333,2001
"858",338,3.776666667,2001
"859",339,3.71,2001
"860",340,3.596666667,2001
"861",341,3.293333333,2001
"862",342,3.165,2001
"863",343,3.063333333,2001
"864",344,3.05,2001
"865",345,2.81,2001
"866",346,2.81,2001
"867",347,2.7325,2001
"868",348,2.486666667,2001
"869",349,2.553333333,2001
"870",350,2.46,2001
"871",351,2.46,2001
"872",352,2.46,2001
"873",353,2.46,2001
"874",354,2.353333333,2001
"875",355,2.14,2001
"876",356,2.193333333,2001
"877",357,1.993333333,2001
"878",358,1.51,2001
"879",359,1.23,2001
"880",360,1.03,2001
"881",361,0.83,2001
"882",362,0.696666667,2001
"883",363,0.59,2001
"884",364,0.55,2001
"885",365,0.63,2001
"886",1,0.683333333,2002
"887",2,0.736666667,2002
"888",3,0.71,2002
"889",4,0.71,2002
"890",5,0.696666667,2002
"891",6,0.51,2002
"892",7,0.39,2002
"893",8,0.39,2002
"894",9,0.39,2002
"895",10,0.363333333,2002
"896",11,0.296666667,2002
"897",12,0.23,2002
"898",13,0.23,2002
"899",14,0.216666667,2002
"900",15,0.15,2002
"901",16,0.176666667,2002
"902",17,0.096666667,2002
"903",18,0.07,2002
"904",19,0.07,2002
"905",20,0.07,2002
"906",21,0.07,2002
"907",22,0.07,2002
"908",23,0.07,2002
"909",24,0.07,2002
"910",25,0.07,2002
"911",26,0.07,2002
"912",27,0.07,2002
"913",28,0.07,2002
"914",29,0.07,2002
"915",30,0.07,2002
"916",31,0.07,2002
"917",32,0.07,2002
"918",33,0.07,2002
"919",34,0.07,2002
"920",35,0.07,2002
"921",36,0.07,2002
"922",37,0.07,2002
"923",38,0.07,2002
"924",39,0.07,2002
"925",40,0.07,2002
"926",41,0.07,2002
"927",42,0.07,2002
"928",43,0.07,2002
"929",44,0.07,2002
"930",45,0.11,2002
"931",46,0.083333333,2002
"932",47,0.07,2002
"933",48,0.083333333,2002
"934",49,0.11,2002
"935",50,0.083333333,2002
"936",51,0.07,2002
"937",52,0.11,2002
"938",53,0.11,2002
"939",54,0.07,2002
"940",55,0.07,2002
"941",56,0.11,2002
"942",57,0.083333333,2002
"943",58,0.123333333,2002
"944",59,0.096666667,2002
"945",60,0.11,2002
"946",61,0.11,2002
"947",62,0.083333333,2002
"948",63,0.11,2002
"949",64,0.11,2002
"950",65,0.11,2002
"951",66,0.096666667,2002
"952",67,0.096666667,2002
"953",68,0.07,2002
"954",69,0.096666667,2002
"955",70,0.11,2002
"956",71,0.07,2002
"957",72,0.11,2002
"958",73,0.11,2002
"959",74,0.11,2002
"960",75,0.123333333,2002
"961",76,0.123333333,2002
"962",77,0.15,2002
"963",78,0.136666667,2002
"964",79,0.123333333,2002
"965",80,0.11,2002
"966",81,0.15,2002
"967",82,0.136666667,2002
"968",83,0.123333333,2002
"969",84,0.15,2002
"970",85,0.176666667,2002
"971",86,0.176666667,2002
"972",87,0.203333333,2002
"973",88,0.23,2002
"974",89,0.256666667,2002
"975",90,0.256666667,2002
"976",91,0.256666667,2002
"977",92,0.283333333,2002
"978",93,0.256666667,2002
"979",94,0.323333333,2002
"980",95,0.35,2002
"981",96,0.336666667,2002
"982",97,0.363333333,2002
"983",98,0.416666667,2002
"984",99,0.483333333,2002
"985",100,0.496666667,2002
"986",101,0.47,2002
"987",102,0.67,2002
"988",103,0.696666667,2002
"989",104,0.67,2002
"990",105,0.776666667,2002
"991",106,0.936666667,2002
"992",107,1.083333333,2002
"993",108,1.096666667,2002
"994",109,1.23,2002
"995",110,1.296666667,2002
"996",111,1.403333333,2002
"997",112,1.5475,2002
"998",113,1.705,2002
"999",114,1.7075,2002
"1000",115,1.616666667,2002
"1001",116,1.639166667,2002
"1002",117,1.731666667,2002
"1003",118,1.886666667,2002
"1004",119,1.82,2002
"1005",120,1.9,2002
"1006",121,2.046666667,2002
"1007",122,2.046666667,2002
"1008",123,2.193333333,2002
"1009",124,2.366666667,2002
"1010",125,2.446666667,2002
"1011",126,2.54,2002
"1012",127,2.7475,2002
"1013",128,2.85,2002
"1014",129,2.823333333,2002
"1015",130,2.7975,2002
"1016",131,2.878333333,2002
"1017",132,3.138333333,2002
"1018",133,3.296666667,2002
"1019",134,3.543333333,2002
"1020",135,3.466666667,2002
"1021",136,3.44,2002
"1022",137,3.4,2002
"1023",138,3.425,2002
"1024",139,3.478333333,2002
"1025",140,3.595,2002
"1026",141,3.815833333,2002
"1027",142,3.996666667,2002
"1028",143,4.138333333,2002
"1029",144,4.176666667,2002
"1030",145,4.18,2002
"1031",146,4.320833333,2002
"1032",147,4.644166667,2002
"1033",148,4.905833333,2002
"1034",149,5.3625,2002
"1035",150,5.555,2002
"1036",151,5.801666667,2002
"1037",152,6.3225,2002
"1038",153,6.543333333,2002
"1039",154,6.621666667,2002
"1040",155,6.9025,2002
"1041",156,7.5325,2002
"1042",157,8.0475,2002
"1043",158,7.828333333,2002
"1044",159,8.314166667,2002
"1045",160,8.763333333,2002
"1046",161,8.381666667,2002
"1047",162,8.6225,2002
"1048",163,8.774166667,2002
"1049",164,8.879166667,2002
"1050",165,9.3425,2002
"1051",166,9.289166667,2002
"1052",167,9.185833333,2002
"1053",168,9.460833333,2002
"1054",169,9.586666667,2002
"1055",170,9.769166667,2002
"1056",171,9.874166667,2002
"1057",172,9.9775,2002
"1058",173,9.86,2002
"1059",174,10.49083333,2002
"1060",175,10.44083333,2002
"1061",176,10.2875,2002
"1062",177,10.68583333,2002
"1063",178,11.01833333,2002
"1064",179,10.94166667,2002
"1065",180,11.14833333,2002
"1066",181,11.5875,2002
"1067",182,11.77833333,2002
"1068",183,12.00916667,2002
"1069",184,12.46166667,2002
"1070",185,13.12166667,2002
"1071",186,12.73,2002
"1072",187,13.21,2002
"1073",188,13.65916667,2002
"1074",189,13.9275,2002
"1075",190,14.25083333,2002
"1076",191,14.03,2002
"1077",192,14.22416667,2002
"1078",193,14.55333333,2002
"1079",194,15.01,2002
"1080",195,15.35416667,2002
"1081",196,15.30083333,2002
"1082",197,15.46083333,2002
"1083",198,16.23666667,2002
"1084",199,16.1425,2002
"1085",200,16.49666667,2002
"1086",201,16.81333333,2002
"1087",202,17.24,2002
"1088",203,17.30666667,2002
"1089",204,16.94666667,2002
"1090",205,16.92,2002
"1091",206,16.94666667,2002
"1092",207,17.16,2002
"1093",208,17,2002
"1094",209,17.24,2002
"1095",210,17.32,2002
"1096",211,17.32,2002
"1097",212,17.34666667,2002
"1098",213,17.18666667,2002
"1099",214,17.45333333,2002
"1100",215,17.22666667,2002
"1101",216,17.36,2002
"1102",217,17.64,2002
"1103",218,17.58666667,2002
"1104",219,17.93333333,2002
"1105",220,18.02666667,2002
"1106",221,18.30666667,2002
"1107",222,18.52,2002
"1108",223,18.56,2002
"1109",224,18.6,2002
"1110",225,18.61416667,2002
"1111",226,18.54909091,2002
"1112",227,18.33333333,2002
"1113",228,18.12,2002
"1114",229,17.76,2002
"1115",230,17.6,2002
"1116",231,17.57333333,2002
"1117",232,17.56,2002
"1118",233,17.41333333,2002
"1119",234,17.50666667,2002
"1120",235,17.29333333,2002
"1121",236,16.98666667,2002
"1122",237,17.06666667,2002
"1123",238,17.16,2002
"1124",239,16.85333333,2002
"1125",240,16.54666667,2002
"1126",241,16.70666667,2002
"1127",242,16.6,2002
"1128",243,16.57333333,2002
"1129",244,16.58666667,2002
"1130",245,16.48083333,2002
"1131",246,16.415,2002
"1132",247,16.39,2002
"1133",248,16.14333333,2002
"1134",249,16.11666667,2002
"1135",250,16.23416667,2002
"1136",251,16.26,2002
"1137",252,16.27333333,2002
"1138",253,16.365,2002
"1139",254,16.07666667,2002
"1140",255,16.2475,2002
"1141",256,16.3525,2002
"1142",257,16.2225,2002
"1143",258,16.09,2002
"1144",259,16.11666667,2002
"1145",260,16.18333333,2002
"1146",261,16.07666667,2002
"1147",262,16.15666667,2002
"1148",263,16.13,2002
"1149",264,16.02333333,2002
"1150",265,15.8325,2002
"1151",266,15.64666667,2002
"1152",267,15.39333333,2002
"1153",268,15.14,2002
"1154",269,14.83,2002
"1155",270,14.56333333,2002
"1156",271,14.25083333,2002
"1157",272,13.89,2002
"1158",273,13.77,2002
"1159",274,13.77166667,2002
"1160",275,13.56916667,2002
"1161",276,13.1975,2002
"1162",277,12.98333333,2002
"1163",278,12.70416667,2002
"1164",279,12.40833333,2002
"1165",280,12.02,2002
"1166",281,11.76833333,2002
"1167",282,11.535,2002
"1168",283,11.36666667,2002
"1169",284,11.2,2002
"1170",285,11.12333333,2002
"1171",286,10.7875,2002
"1172",287,10.43,2002
"1173",288,10.10583333,2002
"1174",289,9.6925,2002
"1175",290,9.455,2002
"1176",291,9.151666667,2002
"1177",292,8.9425,2002
"1178",293,8.621666667,2002
"1179",294,8.290833333,2002
"1180",295,7.984166667,2002
"1181",296,7.723333333,2002
"1182",297,7.401666667,2002
"1183",298,7.13,2002
"1184",299,6.93,2002
"1185",300,6.71,2002
"1186",301,6.52,2002
"1187",302,6.493333333,2002
"1188",303,6.220833333,2002
"1189",304,5.943333333,2002
"1190",305,5.7,2002
"1191",306,5.466666667,2002
"1192",307,5.27,2002
"1193",308,5.118333333,2002
"1194",309,4.96,2002
"1195",310,4.7075,2002
"1196",311,4.463333333,2002
"1197",312,4.305833333,2002
"1198",313,4.126666667,2002
"1199",314,4.0225,2002
"1200",315,3.66,2002
"1201",316,3.56,2002
"1202",317,3.413333333,2002
"1203",318,3.2025,2002
"1204",319,3.05,2002
"1205",320,2.85,2002
"1206",321,2.916666667,2002
"1207",322,2.77,2002
"1208",323,2.645,2002
"1209",324,2.58,2002
"1210",325,2.54,2002
"1211",326,2.46,2002
"1212",327,2.46,2002
"1213",328,2.42,2002
"1214",329,2.273333333,2002
"1215",330,2.14,2002
"1216",331,2.14,2002
"1217",332,2.046666667,2002
"1218",333,2.033333333,2002
"1219",334,1.563333333,2002
"1220",335,1.403333333,2002
"1221",336,1.31,2002
"1222",337,1.336666667,2002
"1223",338,1.07,2002
"1224",339,0.87,2002
"1225",340,0.803333333,2002
"1226",341,0.79,2002
"1227",342,0.616666667,2002
"1228",343,0.643333333,2002
"1229",344,0.723333333,2002
"1230",345,0.71,2002
"1231",346,0.71,2002
"1232",347,0.71,2002
"1233",348,0.71,2002
"1234",349,0.536666667,2002
"1235",350,0.403333333,2002
"1236",351,0.39,2002
"1237",352,0.39,2002
"1238",353,0.403333333,2002
"1239",354,0.47,2002
"1240",355,0.43,2002
"1241",356,0.443333333,2002
"1242",357,0.39,2002
"1243",358,0.39,2002
"1244",359,0.336666667,2002
"1245",360,0.39,2002
"1246",361,0.39,2002
"1247",362,0.536666667,2002
"1248",363,0.523333333,2002
"1249",364,0.536666667,2002
"1250",365,0.283333333,2002
"1251",1,0.23,2003
"1252",2,0.216666667,2003
"1253",3,0.216666667,2003
"1254",4,0.216666667,2003
"1255",5,0.19,2003
"1256",6,0.07,2003
"1257",7,0.19,2003
"1258",8,0.216666667,2003
"1259",9,0.07,2003
"1260",10,0.07,2003
"1261",11,0.07,2003
"1262",12,0.07,2003
"1263",13,0.07,2003
"1264",14,0.07,2003
"1265",15,0.07,2003
"1266",16,0.07,2003
"1267",17,0.07,2003
"1268",18,0.07,2003
"1269",19,0.07,2003
"1270",20,0.07,2003
"1271",21,0.043333333,2003
"1272",22,0.003333333,2003
"1273",23,0.056666667,2003
"1274",24,0.07,2003
"1275",25,-0.05,2003
"1276",26,-0.05,2003
"1277",27,-0.076666667,2003
"1278",28,0.03,2003
"1279",29,-0.036666667,2003
"1280",30,0.043333333,2003
"1281",31,0.07,2003
"1282",32,0.07,2003
"1283",33,0.07,2003
"1284",34,0.07,2003
"1285",35,-0.076666667,2003
"1286",36,-0.05,2003
"1287",37,-0.05,2003
"1288",38,-0.036666667,2003
"1289",39,-0.036666667,2003
"1290",40,-0.05,2003
"1291",41,-0.05,2003
"1292",42,-0.063333333,2003
"1293",43,-0.05,2003
"1294",44,-0.036666667,2003
"1295",45,-0.036666667,2003
"1296",46,-0.036666667,2003
"1297",47,0.003333333,2003
"1298",48,0.07,2003
"1299",49,0.07,2003
"1300",50,0.056666667,2003
"1301",51,0.07,2003
"1302",52,0.016666667,2003
"1303",53,-0.01,2003
"1304",54,-0.023333333,2003
"1305",55,-0.01,2003
"1306",56,0.003333333,2003
"1307",57,0.003333333,2003
"1308",58,0.07,2003
"1309",59,0.056666667,2003
"1310",60,0.07,2003
"1311",61,-0.023333333,2003
"1312",62,0.003333333,2003
"1313",63,0.07,2003
"1314",64,0.07,2003
"1315",65,0.056666667,2003
"1316",66,0.07,2003
"1317",67,0.07,2003
"1318",68,0.03,2003
"1319",69,0.03,2003
"1320",70,0.07,2003
"1321",71,0.03,2003
"1322",72,0.016666667,2003
"1323",73,0.07,2003
"1324",74,0.11,2003
"1325",75,0.11,2003
"1326",76,0.07,2003
"1327",77,0.123333333,2003
"1328",78,0.136666667,2003
"1329",79,0.123333333,2003
"1330",80,0.163333333,2003
"1331",81,0.176666667,2003
"1332",82,0.27,2003
"1333",83,0.31,2003
"1334",84,0.296666667,2003
"1335",85,0.363333333,2003
"1336",86,0.456666667,2003
"1337",87,0.39,2003
"1338",88,0.43,2003
"1339",89,0.496666667,2003
"1340",90,0.47,2003
"1341",91,0.603333333,2003
"1342",92,0.496666667,2003
"1343",93,0.483333333,2003
"1344",94,0.483333333,2003
"1345",95,0.51,2003
"1346",96,0.55,2003
"1347",97,0.603333333,2003
"1348",98,0.616666667,2003
"1349",99,0.63,2003
"1350",100,0.696666667,2003
"1351",101,0.83,2003
"1352",102,0.923333333,2003
"1353",103,0.95,2003
"1354",104,1.03,2003
"1355",105,1.163333333,2003
"1356",106,1.176666667,2003
"1357",107,1.11,2003
"1358",108,1.403333333,2003
"1359",109,1.323333333,2003
"1360",110,1.35,2003
"1361",111,1.43,2003
"1362",112,1.535,2003
"1363",113,1.6525,2003
"1364",114,1.785,2003
"1365",115,1.915833333,2003
"1366",116,2.02,2003
"1367",117,1.94,2003
"1368",118,2.1,2003
"1369",119,2.193333333,2003
"1370",120,2.366666667,2003
"1371",121,2.445833333,2003
"1372",122,2.668333333,2003
"1373",123,2.786666667,2003
"1374",124,3.020833333,2003
"1375",125,3.230833333,2003
"1376",126,3.490833333,2003
"1377",127,3.620833333,2003
"1378",128,3.7775,2003
"1379",129,3.853333333,2003
"1380",130,3.92,2003
"1381",131,3.9575,2003
"1382",132,4.228333333,2003
"1383",133,4.529166667,2003
"1384",134,4.771818182,2003
"1385",135,4.88,2003
"1386",136,5.089166667,2003
"1387",137,5.260833333,2003
"1388",138,5.570833333,2003
"1389",139,5.801666667,2003
"1390",140,6.023333333,2003
"1391",141,6.116666667,2003
"1392",142,6.14,2003
"1393",143,6.2725,2003
"1394",144,6.594166667,2003
"1395",145,7.415,2003
"1396",146,7.401666667,2003
"1397",147,7.516666667,2003
"1398",148,7.5825,2003
"1399",149,8.008333333,2003
"1400",150,7.816666667,2003
"1401",151,8.188333333,2003
"1402",152,8.1375,2003
"1403",153,8.480833333,2003
"1404",154,8.761666667,2003
"1405",155,8.61,2003
"1406",156,8.828333333,2003
"1407",157,9.976666667,2003
"1408",158,9.95,2003
"1409",159,9.690833333,2003
"1410",160,10.13166667,2003
"1411",161,9.783333333,2003
"1412",162,10.065,2003
"1413",163,10.32583333,2003
"1414",164,10.42833333,2003
"1415",165,11.18583333,2003
"1416",166,11.32833333,2003
"1417",167,10.49083333,2003
"1418",168,10.685,2003
"1419",169,11.23666667,2003
"1420",170,11.6375,2003
"1421",171,10.8775,2003
"1422",172,11.2775,2003
"1423",173,11.72666667,2003
"1424",174,12.2675,2003
"1425",175,12.62833333,2003
"1426",176,12.82333333,2003
"1427",177,12.67916667,2003
"1428",178,13.0525,2003
"1429",179,13.26,2003
"1430",180,12.70666667,2003
"1431",181,13.275,2003
"1432",182,14.22416667,2003
"1433",183,13.9675,2003
"1434",184,14.25166667,2003
"1435",185,14.2125,2003
"1436",186,14.35583333,2003
"1437",187,15.19583333,2003
"1438",188,14.45833333,2003
"1439",189,15.3025,2003
"1440",190,15.42,2003
"1441",191,14.60333333,2003
"1442",192,15.195,2003
"1443",193,15.22,2003
"1444",194,15.43333333,2003
"1445",195,15.11583333,2003
"1446",196,15.53666667,2003
"1447",197,16.05083333,2003
"1448",198,16.405,2003
"1449",199,16.56,2003
"1450",200,16.73333333,2003
"1451",201,16.76166667,2003
"1452",202,17.4,2003
"1453",203,17.50666667,2003
"1454",204,17.38666667,2003
"1455",205,17.21333333,2003
"1456",206,17.28,2003
"1457",207,17.58666667,2003
"1458",208,18.335,2003
"1459",209,18.42666667,2003
"1460",210,18.29333333,2003
"1461",211,17.70666667,2003
"1462",212,17.45333333,2003
"1463",213,17.77333333,2003
"1464",214,18,2003
"1465",215,18.49666667,2003
"1466",216,19.2375,2003
"1467",217,19.48,2003
"1468",218,19.725,2003
"1469",219,19.80666667,2003
"1470",220,19.66,2003
"1471",221,20.46,2003
"1472",222,20.53083333,2003
"1473",223,20.35333333,2003
"1474",224,19.94,2003
"1475",225,20.04666667,2003
"1476",226,20.22083333,2003
"1477",227,20.62833333,2003
"1478",228,20.54416667,2003
"1479",229,20.04666667,2003
"1480",230,20.3975,2003
"1481",231,20.65666667,2003
"1482",232,20.53166667,2003
"1483",233,20.67,2003
"1484",234,20.42083333,2003
"1485",235,20.24666667,2003
"1486",236,20.24666667,2003
"1487",237,20.28666667,2003
"1488",238,20.18,2003
"1489",239,19.615,2003
"1490",240,19.22333333,2003
"1491",241,18.83416667,2003
"1492",242,18.765,2003
"1493",243,18.87333333,2003
"1494",244,18.98333333,2003
"1495",245,18.53333333,2003
"1496",246,18.2,2003
"1497",247,18.04,2003
"1498",248,17.82666667,2003
"1499",249,17.85333333,2003
"1500",250,17.58666667,2003
"1501",251,17.4,2003
"1502",252,17.36,2003
"1503",253,17.32,2003
"1504",254,17.37333333,2003
"1505",255,17.38666667,2003
"1506",256,17.28,2003
"1507",257,17.21333333,2003
"1508",258,17.34666667,2003
"1509",259,17.24,2003
"1510",260,17.13333333,2003
"1511",261,16.97333333,2003
"1512",262,16.72,2003
"1513",263,16.4025,2003
"1514",264,16.09,2003
"1515",265,15.845,2003
"1516",266,15.64666667,2003
"1517",267,15.20666667,2003
"1518",268,14.8675,2003
"1519",269,14.485,2003
"1520",270,13.92833333,2003
"1521",271,13.4825,2003
"1522",272,13.21,2003
"1523",273,12.70666667,2003
"1524",274,12.27916667,2003
"1525",275,11.7025,2003
"1526",276,11.25166667,2003
"1527",277,10.7875,2003
"1528",278,10.455,2003
"1529",279,10.24833333,2003
"1530",280,10.1575,2003
"1531",281,10.1575,2003
"1532",282,10.05333333,2003
"1533",283,10.19833333,2003
"1534",284,10.24666667,2003
"1535",285,10.27333333,2003
"1536",286,10.23416667,2003
"1537",287,10.0825,2003
"1538",288,9.885833333,2003
"1539",289,9.693333333,2003
"1540",290,9.6,2003
"1541",291,9.52,2003
"1542",292,9.4025,2003
"1543",293,9.215,2003
"1544",294,9.02,2003
"1545",295,8.8925,2003
"1546",296,8.723333333,2003
"1547",297,8.495,2003
"1548",298,8.2,2003
"1549",299,7.935,2003
"1550",300,7.683333333,2003
"1551",301,7.4025,2003
"1552",302,7.236666667,2003
"1553",303,7.13,2003
"1554",304,6.905,2003
"1555",305,6.670833333,2003
"1556",306,6.388333333,2003
"1557",307,6.143333333,2003
"1558",308,5.8525,2003
"1559",309,5.633333333,2003
"1560",310,5.259166667,2003
"1561",311,4.734166667,2003
"1562",312,4.59,2003
"1563",313,4.515,2003
"1564",314,4.45,2003
"1565",315,4.2925,2003
"1566",316,4.033333333,2003
"1567",317,3.945,2003
"1568",318,3.9575,2003
"1569",319,3.97,2003
"1570",320,3.995,2003
"1571",321,4.02,2003
"1572",322,4.06,2003
"1573",323,4.113333333,2003
"1574",324,4.086666667,2003
"1575",325,3.97,2003
"1576",326,3.594166667,2003
"1577",327,3.150833333,2003
"1578",328,2.97,2003
"1579",329,2.8775,2003
"1580",330,2.7075,2003
"1581",331,2.6325,2003
"1582",332,2.473333333,2003
"1583",333,2.286666667,2003
"1584",334,2.046666667,2003
"1585",335,1.745,2003
"1586",336,1.7075,2003
"1587",337,1.7575,2003
"1588",338,1.756666667,2003
"1589",339,1.456666667,2003
"1590",340,1.456666667,2003
"1591",341,1.51,2003
"1592",342,1.336666667,2003
"1593",343,1.043333333,2003
"1594",344,0.736666667,2003
"1595",345,0.643333333,2003
"1596",346,0.643333333,2003
"1597",347,0.83,2003
"1598",348,0.87,2003
"1599",349,0.71,2003
"1600",350,0.79,2003
"1601",351,0.763333333,2003
"1602",352,0.71,2003
"1603",353,0.71,2003
"1604",354,0.643333333,2003
"1605",355,0.736666667,2003
"1606",356,0.67,2003
"1607",357,0.59,2003
"1608",358,0.576666667,2003
"1609",359,0.55,2003
"1610",360,0.536666667,2003
"1611",361,0.523333333,2003
"1612",362,0.39,2003
"1613",363,0.35,2003
"1614",364,0.243333333,2003
"1615",365,0.243333333,2003
"1616",1,0.23,2004
"1617",2,0.323333333,2004
"1618",3,0.256666667,2004
"1619",4,0.23,2004
"1620",5,0.23,2004
"1621",6,0.23,2004
"1622",7,0.23,2004
"1623",8,0.176666667,2004
"1624",9,0.163333333,2004
"1625",10,0.163333333,2004
"1626",11,0.136666667,2004
"1627",12,0.07,2004
"1628",13,0.07,2004
"1629",14,0.07,2004
"1630",15,0.07,2004
"1631",16,0.07,2004
"1632",17,0.07,2004
"1633",18,0.07,2004
"1634",19,0.03,2004
"1635",20,0.056666667,2004
"1636",21,0.056666667,2004
"1637",22,-0.036666667,2004
"1638",23,-0.036666667,2004
"1639",24,-0.036666667,2004
"1640",25,-0.05,2004
"1641",26,0.003333333,2004
"1642",27,0.003333333,2004
"1643",28,-0.036666667,2004
"1644",29,-0.036666667,2004
"1645",30,0.003333333,2004
"1646",31,0.07,2004
"1647",32,0.07,2004
"1648",33,0.07,2004
"1649",34,0.07,2004
"1650",35,0.056666667,2004
"1651",36,0.043333333,2004
"1652",37,0.07,2004
"1653",38,0.056666667,2004
"1654",39,0.07,2004
"1655",40,0.07,2004
"1656",41,0.056666667,2004
"1657",42,0.016666667,2004
"1658",43,0.056666667,2004
"1659",44,0.07,2004
"1660",45,0.03,2004
"1661",46,-0.01,2004
"1662",47,0.043333333,2004
"1663",48,0.07,2004
"1664",49,0.07,2004
"1665",50,0.07,2004
"1666",51,0.07,2004
"1667",52,0.07,2004
"1668",53,0.083333333,2004
"1669",54,0.07,2004
"1670",55,0.11,2004
"1671",56,0.083333333,2004
"1672",57,0.11,2004
"1673",58,0.123333333,2004
"1674",59,0.136666667,2004
"1675",60,0.163333333,2004
"1676",61,0.163333333,2004
"1677",62,0.23,2004
"1678",63,0.23,2004
"1679",64,0.203333333,2004
"1680",65,0.203333333,2004
"1681",66,0.216666667,2004
"1682",67,0.256666667,2004
"1683",68,0.23,2004
"1684",69,0.216666667,2004
"1685",70,0.243333333,2004
"1686",71,0.15,2004
"1687",72,0.15,2004
"1688",73,0.123333333,2004
"1689",74,0.15,2004
"1690",75,0.15,2004
"1691",76,0.163333333,2004
"1692",77,0.163333333,2004
"1693",78,0.163333333,2004
"1694",79,0.15,2004
"1695",80,0.176666667,2004
"1696",81,0.11,2004
"1697",82,0.123333333,2004
"1698",83,0.136666667,2004
"1699",84,0.176666667,2004
"1700",85,0.216666667,2004
"1701",86,0.216666667,2004
"1702",87,0.19,2004
"1703",88,0.23,2004
"1704",89,0.27,2004
"1705",90,0.31,2004
"1706",91,0.39,2004
"1707",92,0.47,2004
"1708",93,0.55,2004
"1709",94,0.576666667,2004
"1710",95,0.622727273,2004
"1711",96,0.683333333,2004
"1712",97,0.79,2004
"1713",98,0.856666667,2004
"1714",99,0.883333333,2004
"1715",100,0.99,2004
"1716",101,0.923333333,2004
"1717",102,0.99,2004
"1718",103,1.016666667,2004
"1719",104,1.056666667,2004
"1720",105,1.176666667,2004
"1721",106,1.23,2004
"1722",107,1.31,2004
"1723",108,1.39,2004
"1724",109,1.456666667,2004
"1725",110,1.496666667,2004
"1726",111,1.51,2004
"1727",112,1.59,2004
"1728",113,1.6925,2004
"1729",114,1.758333333,2004
"1730",115,1.8375,2004
"1731",116,1.82,2004
"1732",117,1.8075,2004
"1733",118,1.758333333,2004
"1734",119,1.966666667,2004
"1735",120,2.073333333,2004
"1736",121,2.206666667,2004
"1737",122,2.433333333,2004
"1738",123,2.576666667,2004
"1739",124,2.775,2004
"1740",125,2.93,2004
"1741",126,2.97,2004
"1742",127,3.1125,2004
"1743",128,3.258333333,2004
"1744",129,3.399166667,2004
"1745",130,3.453333333,2004
"1746",131,3.751666667,2004
"1747",132,3.79,2004
"1748",133,3.79,2004
"1749",134,3.88,2004
"1750",135,3.9325,2004
"1751",136,3.971666667,2004
"1752",137,4.086666667,2004
"1753",138,4.125,2004
"1754",139,4.241666667,2004
"1755",140,4.32,2004
"1756",141,4.5125,2004
"1757",142,4.7075,2004
"1758",143,4.708333333,2004
"1759",144,4.88,2004
"1760",145,5.036666667,2004
"1761",146,5.079166667,2004
"1762",147,5.116666667,2004
"1763",148,5.324166667,2004
"1764",149,5.465833333,2004
"1765",150,5.608333333,2004
"1766",151,5.710833333,2004
"1767",152,6.01,2004
"1768",153,6.1,2004
"1769",154,6.35,2004
"1770",155,6.415,2004
"1771",156,6.583333333,2004
"1772",157,6.863333333,2004
"1773",158,7.260833333,2004
"1774",159,7.209166667,2004
"1775",160,7.26,2004
"1776",161,7.879166667,2004
"1777",162,7.855,2004
"1778",163,8.136666667,2004
"1779",164,8.675,2004
"1780",165,8.931666667,2004
"1781",166,8.891666667,2004
"1782",167,8.930833333,2004
"1783",168,8.865833333,2004
"1784",169,9.409166667,2004
"1785",170,9.379166667,2004
"1786",171,9.353333333,2004
"1787",172,9.56,2004
"1788",173,9.900833333,2004
"1789",174,10.015,2004
"1790",175,9.965,2004
"1791",176,10.1325,2004
"1792",177,10.21,2004
"1793",178,10.4025,2004
"1794",179,10.60833333,2004
"1795",180,10.915,2004
"1796",181,11.03166667,2004
"1797",182,11.21166667,2004
"1798",183,11.52333333,2004
"1799",184,11.56166667,2004
"1800",185,11.6525,2004
"1801",186,11.895,2004
"1802",187,11.97083333,2004
"1803",188,11.945,2004
"1804",189,12.0325,2004
"1805",190,12.30416667,2004
"1806",191,12.52416667,2004
"1807",192,12.64166667,2004
"1808",193,12.79666667,2004
"1809",194,12.85,2004
"1810",195,12.84916667,2004
"1811",196,13.28833333,2004
"1812",197,13.16,2004
"1813",198,13.79833333,2004
"1814",199,13.96583333,2004
"1815",200,14.3675,2004
"1816",201,14.52583333,2004
"1817",202,14.71,2004
"1818",203,14.44666667,2004
"1819",204,14.8675,2004
"1820",205,14.72333333,2004
"1821",206,14.8275,2004
"1822",207,14.99833333,2004
"1823",208,15.06083333,2004
"1824",209,14.7875,2004
"1825",210,14.7475,2004
"1826",211,14.97083333,2004
"1827",212,15.07583333,2004
"1828",213,15.16666667,2004
"1829",214,15.26,2004
"1830",215,15.52416667,2004
"1831",216,15.96083333,2004
"1832",217,16.02583333,2004
"1833",218,16.16833333,2004
"1834",219,16.535,2004
"1835",220,16.77333333,2004
"1836",221,16.85333333,2004
"1837",222,16.86666667,2004
"1838",223,16.6275,2004
"1839",224,16.02333333,2004
"1840",225,15.96166667,2004
"1841",226,15.99916667,2004
"1842",227,15.99916667,2004
"1843",228,15.985,2004
"1844",229,15.92166667,2004
"1845",230,15.56666667,2004
"1846",231,15.1825,2004
"1847",232,14.67,2004
"1848",233,14.25166667,2004
"1849",234,14.32833333,2004
"1850",235,14.39,2004
"1851",236,14.41833333,2004
"1852",237,14.29,2004
"1853",238,14.29,2004
"1854",239,14.18666667,2004
"1855",240,14.17333333,2004
"1856",241,14.095,2004
"1857",242,13.86333333,2004
"1858",243,13.5825,2004
"1859",244,13.6075,2004
"1860",245,13.4675,2004
"1861",246,13.235,2004
"1862",247,13.2475,2004
"1863",248,13.31333333,2004
"1864",249,13.41583333,2004
"1865",250,13.62,2004
"1866",251,13.825,2004
"1867",252,13.73333333,2004
"1868",253,13.71,2004
"1869",254,13.90083333,2004
"1870",255,13.9925,2004
"1871",256,13.91583333,2004
"1872",257,13.82333333,2004
"1873",258,13.97833333,2004
"1874",259,14.0175,2004
"1875",260,13.77166667,2004
"1876",261,13.5325,2004
"1877",262,13.49333333,2004
"1878",263,13.29916667,2004
"1879",264,13.21,2004
"1880",265,12.99666667,2004
"1881",266,12.82333333,2004
"1882",267,12.615,2004
"1883",268,12.6675,2004
"1884",269,12.74333333,2004
"1885",270,12.68083333,2004
"1886",271,12.85,2004
"1887",272,12.86333333,2004
"1888",273,12.79666667,2004
"1889",274,12.81,2004
"1890",275,12.82333333,2004
"1891",276,12.6525,2004
"1892",277,12.46,2004
"1893",278,12.15,2004
"1894",279,11.87,2004
"1895",280,11.74166667,2004
"1896",281,11.62333333,2004
"1897",282,11.535,2004
"1898",283,11.38,2004
"1899",284,11.175,2004
"1900",285,11.1875,2004
"1901",286,11.2,2004
"1902",287,11.0975,2004
"1903",288,10.72,2004
"1904",289,10.58,2004
"1905",290,10.235,2004
"1906",291,9.561666667,2004
"1907",292,9.1525,2004
"1908",293,8.955833333,2004
"1909",294,8.684166667,2004
"1910",295,8.52,2004
"1911",296,8.495,2004
"1912",297,8.3825,2004
"1913",298,8.445,2004
"1914",299,8.52,2004
"1915",300,8.4575,2004
"1916",301,8.42,2004
"1917",302,8.37,2004
"1918",303,8.37,2004
"1919",304,8.4075,2004
"1920",305,8.16,2004
"1921",306,8.0725,2004
"1922",307,8.0475,2004
"1923",308,7.91,2004
"1924",309,7.816666667,2004
"1925",310,7.54,2004
"1926",311,7.465,2004
"1927",312,7.2875,2004
"1928",313,6.9175,2004
"1929",314,6.62,2004
"1930",315,6.466666667,2004
"1931",316,6.09,2004
"1932",317,5.903333333,2004
"1933",318,5.739166667,2004
"1934",319,5.58,2004
"1935",320,5.5175,2004
"1936",321,5.4925,2004
"1937",322,5.5675,2004
"1938",323,5.58,2004
"1939",324,5.58,2004
"1940",325,5.633333333,2004
"1941",326,5.58,2004
"1942",327,5.58,2004
"1943",328,5.516666667,2004
"1944",329,5.1825,2004
"1945",330,4.96,2004
"1946",331,4.773333333,2004
"1947",332,4.6025,2004
"1948",333,4.356666667,2004
"1949",334,4.06,2004
"1950",335,3.895,2004
"1951",336,3.66,2004
"1952",337,3.216666667,2004
"1953",338,2.89,2004
"1954",339,2.785833333,2004
"1955",340,2.313333333,2004
"1956",341,2.206666667,2004
"1957",342,2.14,2004
"1958",343,2.046666667,2004
"1959",344,1.98,2004
"1960",345,1.886666667,2004
"1961",346,1.8075,2004
"1962",347,1.781666667,2004
"1963",348,1.416666667,2004
"1964",349,1.243333333,2004
"1965",350,1.283333333,2004
"1966",351,1.243333333,2004
"1967",352,0.95,2004
"1968",353,0.976666667,2004
"1969",354,0.75,2004
"1970",355,0.71,2004
"1971",356,0.55,2004
"1972",357,0.256666667,2004
"1973",358,0.31,2004
"1974",359,0.363333333,2004
"1975",360,0.31,2004
"1976",361,0.336666667,2004
"1977",362,0.376666667,2004
"1978",363,0.35,2004
"1979",364,0.23,2004
"1980",365,0.23,2004
"1981",1,0.096666667,2005
"1982",2,0.096666667,2005
"1983",3,0.07,2005
"1984",4,0.07,2005
"1985",5,0.07,2005
"1986",6,0.07,2005
"1987",7,0.07,2005
"1988",8,0.07,2005
"1989",9,0.07,2005
"1990",10,0.07,2005
"1991",11,0.07,2005
"1992",12,0.07,2005
"1993",13,0.07,2005
"1994",14,0.07,2005
"1995",15,0.07,2005
"1996",16,0.07,2005
"1997",17,0.07,2005
"1998",18,0.07,2005
"1999",19,0.07,2005
"2000",20,0.07,2005
"2001",21,0.043333333,2005
"2002",22,0.07,2005
"2003",23,0.03,2005
"2004",24,0.07,2005
"2005",25,0.07,2005
"2006",26,0.07,2005
"2007",27,0.07,2005
"2008",28,0.07,2005
"2009",29,0.07,2005
"2010",30,0.07,2005
"2011",31,0.07,2005
"2012",32,0.083333333,2005
"2013",33,0.096666667,2005
"2014",34,0.123333333,2005
"2015",35,0.163333333,2005
"2016",36,0.19,2005
"2017",37,0.23,2005
"2018",38,0.123333333,2005
"2019",39,0.123333333,2005
"2020",40,0.11,2005
"2021",41,0.136666667,2005
"2022",42,0.176666667,2005
"2023",43,0.123333333,2005
"2024",44,0.136666667,2005
"2025",45,0.216666667,2005
"2026",46,0.19,2005
"2027",47,0.136666667,2005
"2028",48,0.11,2005
"2029",49,0.123333333,2005
"2030",50,0.123333333,2005
"2031",51,0.123333333,2005
"2032",52,0.123333333,2005
"2033",53,0.123333333,2005
"2034",54,0.123333333,2005
"2035",55,0.123333333,2005
"2036",56,0.11,2005
"2037",57,0.123333333,2005
"2038",58,0.136666667,2005
"2039",59,0.123333333,2005
"2040",60,0.123333333,2005
"2041",61,0.136666667,2005
"2042",62,0.15,2005
"2043",63,0.216666667,2005
"2044",64,0.216666667,2005
"2045",65,0.216666667,2005
"2046",66,0.123333333,2005
"2047",67,0.163333333,2005
"2048",68,0.15,2005
"2049",69,0.163333333,2005
"2050",70,0.23,2005
"2051",71,0.163333333,2005
"2052",72,0.163333333,2005
"2053",73,0.163333333,2005
"2054",74,0.163333333,2005
"2055",75,0.176666667,2005
"2056",76,0.163333333,2005
"2057",77,0.203333333,2005
"2058",78,0.23,2005
"2059",79,0.203333333,2005
"2060",80,0.283333333,2005
"2061",81,0.283333333,2005
"2062",82,0.296666667,2005
"2063",83,0.27,2005
"2064",84,0.323333333,2005
"2065",85,0.323333333,2005
"2066",86,0.363333333,2005
"2067",87,0.416666667,2005
"2068",88,0.47,2005
"2069",89,0.51,2005
"2070",90,0.55,2005
"2071",91,0.656666667,2005
"2072",92,0.723333333,2005
"2073",93,0.83,2005
"2074",94,0.923333333,2005
"2075",95,1.056666667,2005
"2076",96,1.163333333,2005
"2077",97,1.363333333,2005
"2078",98,1.429166667,2005
"2079",99,1.535833333,2005
"2080",100,1.679166667,2005
"2081",101,1.785,2005
"2082",102,1.940833333,2005
"2083",103,2.046666667,2005
"2084",104,2.246666667,2005
"2085",105,2.379166667,2005
"2086",106,2.641666667,2005
"2087",107,2.760833333,2005
"2088",108,2.9175,2005
"2089",109,3.074166667,2005
"2090",110,3.165833333,2005
"2091",111,3.271666667,2005
"2092",112,3.333333333,2005
"2093",113,3.218333333,2005
"2094",114,3.348333333,2005
"2095",115,3.346666667,2005
"2096",116,3.253333333,2005
"2097",117,3.14,2005
"2098",118,3.165,2005
"2099",119,3.14,2005
"2100",120,3.126666667,2005
"2101",121,3.088333333,2005
"2102",122,3.114166667,2005
"2103",123,3.158181818,2005
"2104",124,3.335833333,2005
"2105",125,3.493333333,2005
"2106",126,3.674166667,2005
"2107",127,3.931666667,2005
"2108",128,4.125833333,2005
"2109",129,4.2175,2005
"2110",130,4.383333333,2005
"2111",131,4.345833333,2005
"2112",132,4.255,2005
"2113",133,4.179166667,2005
"2114",134,4.191666667,2005
"2115",135,4.203333333,2005
"2116",136,4.113333333,2005
"2117",137,4.268333333,2005
"2118",138,4.525833333,2005
"2119",139,4.9175,2005
"2120",140,5.271666667,2005
"2121",141,5.5175,2005
"2122",142,5.6725,2005
"2123",143,5.946666667,2005
"2124",144,6.128333333,2005
"2125",145,6.2325,2005
"2126",146,6.515833333,2005
"2127",147,6.8125,2005
"2128",148,6.889166667,2005
"2129",149,7.145833333,2005
"2130",150,7.388333333,2005
"2131",151,7.8375,2005
"2132",152,8.138333333,2005
"2133",153,8.660833333,2005
"2134",154,8.826666667,2005
"2135",155,8.686666667,2005
"2136",156,8.595,2005
"2137",157,8.760833333,2005
"2138",158,8.955,2005
"2139",159,8.67,2005
"2140",160,8.905,2005
"2141",161,9.613333333,2005
"2142",162,9.820833333,2005
"2143",163,9.9,2005
"2144",164,10.26083333,2005
"2145",165,10.81166667,2005
"2146",166,10.79916667,2005
"2147",167,10.81166667,2005
"2148",168,11.4175,2005
"2149",169,11.92,2005
"2150",170,11.86833333,2005
"2151",171,12.24083333,2005
"2152",172,12.70583333,2005
"2153",173,12.27916667,2005
"2154",174,12.39666667,2005
"2155",175,12.93833333,2005
"2156",176,13.465,2005
"2157",177,13.26166667,2005
"2158",178,13.415,2005
"2159",179,14.06833333,2005
"2160",180,13.915,2005
"2161",181,13.5175,2005
"2162",182,13.92666667,2005
"2163",183,13.98,2005
"2164",184,13.5825,2005
"2165",185,13.73666667,2005
"2166",186,13.85083333,2005
"2167",187,13.58166667,2005
"2168",188,13.4025,2005
"2169",189,13.70916667,2005
"2170",190,13.86333333,2005
"2171",191,13.96666667,2005
"2172",192,14.265,2005
"2173",193,14.5,2005
"2174",194,15.315,2005
"2175",195,15.26,2005
"2176",196,15.61666667,2005
"2177",197,15.9225,2005
"2178",198,15.8825,2005
"2179",199,16.06583333,2005
"2180",200,16.365,2005
"2181",201,15.94833333,2005
"2182",202,16.96083333,2005
"2183",203,17.09333333,2005
"2184",204,17.18666667,2005
"2185",205,17.2,2005
"2186",206,17.6,2005
"2187",207,17.38666667,2005
"2188",208,16.84,2005
"2189",209,17.17333333,2005
"2190",210,17.48,2005
"2191",211,17.36,2005
"2192",212,17.37333333,2005
"2193",213,17.64,2005
"2194",214,17.89333333,2005
"2195",215,18.14666667,2005
"2196",216,18.45333333,2005
"2197",217,18.44,2005
"2198",218,18.44,2005
"2199",219,18.83166667,2005
"2200",220,19.06333333,2005
"2201",221,18.98333333,2005
"2202",222,19.33,2005
"2203",223,19.26333333,2005
"2204",224,19.385,2005
"2205",225,19.46333333,2005
"2206",226,19.27666667,2005
"2207",227,19.11666667,2005
"2208",228,19.15666667,2005
"2209",229,19.06333333,2005
"2210",230,18.90333333,2005
"2211",231,18.97,2005
"2212",232,19.02333333,2005
"2213",233,18.95666667,2005
"2214",234,18.6825,2005
"2215",235,18.67,2005
"2216",236,18.58916667,2005
"2217",237,18.61666667,2005
"2218",238,18.66916667,2005
"2219",239,18.68333333,2005
"2220",240,18.64166667,2005
"2221",241,18.765,2005
"2222",242,18.765,2005
"2223",243,18.62833333,2005
"2224",244,18.50666667,2005
"2225",245,18.44,2005
"2226",246,18.4,2005
"2227",247,18.30666667,2005
"2228",248,18.26666667,2005
"2229",249,18.28,2005
"2230",250,18.28,2005
"2231",251,18.37333333,2005
"2232",252,18.29333333,2005
"2233",253,18.17333333,2005
"2234",254,18.26666667,2005
"2235",255,18.37333333,2005
"2236",256,18.33333333,2005
"2237",257,18.25333333,2005
"2238",258,18.02666667,2005
"2239",259,17.81333333,2005
"2240",260,17.69333333,2005
"2241",261,17.70666667,2005
"2242",262,17.41333333,2005
"2243",263,17.25333333,2005
"2244",264,16.90666667,2005
"2245",265,16.82666667,2005
"2246",266,16.58666667,2005
"2247",267,16.23583333,2005
"2248",268,16.14333333,2005
"2249",269,15.92083333,2005
"2250",270,15.79166667,2005
"2251",271,15.55333333,2005
"2252",272,15.23333333,2005
"2253",273,14.88166667,2005
"2254",274,14.73666667,2005
"2255",275,14.73666667,2005
"2256",276,14.63,2005
"2257",277,14.51,2005
"2258",278,14.005,2005
"2259",279,13.645,2005
"2260",280,13.2225,2005
"2261",281,13.00916667,2005
"2262",282,12.87666667,2005
"2263",283,12.64,2005
"2264",284,12.5375,2005
"2265",285,12.255,2005
"2266",286,12.21666667,2005
"2267",287,12.0075,2005
"2268",288,11.73,2005
"2269",289,11.35416667,2005
"2270",290,10.99083333,2005
"2271",291,10.81333333,2005
"2272",292,10.555,2005
"2273",293,10.36666667,2005
"2274",294,10.22,2005
"2275",295,10.1575,2005
"2276",296,9.936666667,2005
"2277",297,9.785,2005
"2278",298,9.693333333,2005
"2279",299,9.573333333,2005
"2280",300,9.390833333,2005
"2281",301,9.2275,2005
"2282",302,9.151666667,2005
"2283",303,9.14,2005
"2284",304,9.113333333,2005
"2285",305,8.955,2005
"2286",306,8.83,2005
"2287",307,8.6575,2005
"2288",308,8.42,2005
"2289",309,8.263333333,2005
"2290",310,8.11,2005
"2291",311,7.91,2005
"2292",312,7.79,2005
"2293",313,7.645833333,2005
"2294",314,7.249166667,2005
"2295",315,7.055,2005
"2296",316,6.9925,2005
"2297",317,6.814166667,2005
"2298",318,6.3875,2005
"2299",319,6.2225,2005
"2300",320,5.751666667,2005
"2301",321,5.2325,2005
"2302",322,4.76,2005
"2303",323,4.615,2005
"2304",324,4.436666667,2005
"2305",325,4.253333333,2005
"2306",326,3.92,2005
"2307",327,3.7525,2005
"2308",328,3.06,2005
"2309",329,2.6175,2005
"2310",330,2.393333333,2005
"2311",331,2.473333333,2005
"2312",332,2.46,2005
"2313",333,2.14,2005
"2314",334,1.821666667,2005
"2315",335,1.67,2005
"2316",336,1.643333333,2005
"2317",337,1.51,2005
"2318",338,1.323333333,2005
"2319",339,1.07,2005
"2320",340,1.03,2005
"2321",341,1.03,2005
"2322",342,1.003333333,2005
"2323",343,0.87,2005
"2324",344,0.776666667,2005
"2325",345,0.656666667,2005
"2326",346,0.71,2005
"2327",347,0.816666667,2005
"2328",348,0.87,2005
"2329",349,0.843333333,2005
"2330",350,0.79,2005
"2331",351,0.803333333,2005
"2332",352,0.856666667,2005
"2333",353,0.87,2005
"2334",354,0.803333333,2005
"2335",355,0.75,2005
"2336",356,0.79,2005
"2337",357,0.87,2005
"2338",358,0.87,2005
"2339",359,0.87,2005
"2340",360,0.87,2005
"2341",361,0.95,2005
"2342",362,0.896666667,2005
"2343",363,0.843333333,2005
"2344",364,0.59,2005
"2345",365,0.603333333,2005
"2346",1,0.55,2006
"2347",2,0.483333333,2006
"2348",3,0.39,2006
"2349",4,0.39,2006
"2350",5,0.39,2006
"2351",6,0.39,2006
"2352",7,0.39,2006
"2353",8,0.39,2006
"2354",9,0.39,2006
"2355",10,0.363333333,2006
"2356",11,0.39,2006
"2357",12,0.39,2006
"2358",13,0.39,2006
"2359",14,0.27,2006
"2360",15,0.27,2006
"2361",16,0.296666667,2006
"2362",17,0.35,2006
"2363",18,0.256666667,2006
"2364",19,0.23,2006
"2365",20,0.23,2006
"2366",21,0.23,2006
"2367",22,0.23,2006
"2368",23,0.23,2006
"2369",24,0.23,2006
"2370",25,0.216666667,2006
"2371",26,0.216666667,2006
"2372",27,0.23,2006
"2373",28,0.23,2006
"2374",29,0.203333333,2006
"2375",30,0.15,2006
"2376",31,0.176666667,2006
"2377",32,0.23,2006
"2378",33,0.23,2006
"2379",34,0.216666667,2006
"2380",35,0.123333333,2006
"2381",36,0.083333333,2006
"2382",37,0.15,2006
"2383",38,0.11,2006
"2384",39,0.11,2006
"2385",40,0.123333333,2006
"2386",41,0.123333333,2006
"2387",42,0.11,2006
"2388",43,0.11,2006
"2389",44,0.11,2006
"2390",45,0.096666667,2006
"2391",46,0.083333333,2006
"2392",47,0.07,2006
"2393",48,0.07,2006
"2394",49,0.083333333,2006
"2395",50,0.07,2006
"2396",51,0.083333333,2006
"2397",52,0.083333333,2006
"2398",53,0.11,2006
"2399",54,0.096666667,2006
"2400",55,0.07,2006
"2401",56,0.083333333,2006
"2402",57,0.083333333,2006
"2403",58,0.083333333,2006
"2404",59,0.083333333,2006
"2405",60,0.11,2006
"2406",61,0.11,2006
"2407",62,0.11,2006
"2408",63,0.123333333,2006
"2409",64,0.123333333,2006
"2410",65,0.163333333,2006
"2411",66,0.15,2006
"2412",67,0.176666667,2006
"2413",68,0.23,2006
"2414",69,0.23,2006
"2415",70,0.23,2006
"2416",71,0.243333333,2006
"2417",72,0.19,2006
"2418",73,0.19,2006
"2419",74,0.243333333,2006
"2420",75,0.283333333,2006
"2421",76,0.27,2006
"2422",77,0.243333333,2006
"2423",78,0.27,2006
"2424",79,0.283333333,2006
"2425",80,0.296666667,2006
"2426",81,0.283333333,2006
"2427",82,0.31,2006
"2428",83,0.323333333,2006
"2429",84,0.376666667,2006
"2430",85,0.376666667,2006
"2431",86,0.456666667,2006
"2432",87,0.47,2006
"2433",88,0.483333333,2006
"2434",89,0.496666667,2006
"2435",90,0.55,2006
"2436",91,0.51,2006
"2437",92,0.576666667,2006
"2438",93,0.656666667,2006
"2439",94,0.616666667,2006
"2440",95,0.736666667,2006
"2441",96,0.803333333,2006
"2442",97,0.75,2006
"2443",98,0.91,2006
"2444",99,1.003333333,2006
"2445",100,0.976666667,2006
"2446",101,1.096666667,2006
"2447",102,1.203333333,2006
"2448",103,1.256666667,2006
"2449",104,1.43,2006
"2450",105,1.560833333,2006
"2451",106,1.731666667,2006
"2452",107,1.916666667,2006
"2453",108,2.153333333,2006
"2454",109,2.393333333,2006
"2455",110,2.6025,2006
"2456",111,2.734166667,2006
"2457",112,2.785,2006
"2458",113,2.864166667,2006
"2459",114,2.8775,2006
"2460",115,2.846363636,2006
"2461",116,3.125,2006
"2462",117,3.349166667,2006
"2463",118,3.464166667,2006
"2464",119,3.581666667,2006
"2465",120,3.725833333,2006
"2466",121,3.840833333,2006
"2467",122,3.9575,2006
"2468",123,4.086666667,2006
"2469",124,4.255833333,2006
"2470",125,4.383333333,2006
"2471",126,4.435,2006
"2472",127,4.538333333,2006
"2473",128,4.67,2006
"2474",129,4.706666667,2006
"2475",130,4.8,2006
"2476",131,4.526666667,2006
"2477",132,4.23,2006
"2478",133,4.334166667,2006
"2479",134,4.670833333,2006
"2480",135,5.035833333,2006
"2481",136,5.3225,2006
"2482",137,5.685,2006
"2483",138,5.8025,2006
"2484",139,6.010833333,2006
"2485",140,6.075833333,2006
"2486",141,5.996666667,2006
"2487",142,6.179166667,2006
"2488",143,6.543333333,2006
"2489",144,6.66,2006
"2490",145,7.135,2006
"2491",146,8.085,2006
"2492",147,7.75,2006
"2493",148,7.62,2006
"2494",149,8.071666667,2006
"2495",150,8.608333333,2006
"2496",151,9.213333333,2006
"2497",152,9.149166667,2006
"2498",153,9.43,2006
"2499",154,9.574166667,2006
"2500",155,9.588333333,2006
"2501",156,9.949166667,2006
"2502",157,10.25916667,2006
"2503",158,10.375,2006
"2504",159,11.07166667,2006
"2505",160,10.83833333,2006
"2506",161,10.75,2006
"2507",162,11.45666667,2006
"2508",163,12.15083333,2006
"2509",164,12.33166667,2006
"2510",165,12.60416667,2006
"2511",166,12.55083333,2006
"2512",167,12.64333333,2006
"2513",168,12.7975,2006
"2514",169,12.8625,2006
"2515",170,13.4275,2006
"2516",171,13.22333333,2006
"2517",172,13.04,2006
"2518",173,13.735,2006
"2519",174,13.875,2006
"2520",175,14.09416667,2006
"2521",176,14.73416667,2006
"2522",177,14.76166667,2006
"2523",178,14.79916667,2006
"2524",179,14.97083333,2006
"2525",180,14.85583333,2006
"2526",181,15.01166667,2006
"2527",182,14.90666667,2006
"2528",183,15.19333333,2006
"2529",184,15.20666667,2006
"2530",185,15.46,2006
"2531",186,15.35333333,2006
"2532",187,15.895,2006
"2533",188,16.19416667,2006
"2534",189,16.195,2006
"2535",190,16.58916667,2006
"2536",191,16.3775,2006
"2537",192,16.2225,2006
"2538",193,16.69583333,2006
"2539",194,17.18666667,2006
"2540",195,17.34666667,2006
"2541",196,17.49333333,2006
"2542",197,17.8,2006
"2543",198,18.05333333,2006
"2544",199,18.12,2006
"2545",200,17.97333333,2006
"2546",201,18.52416667,2006
"2547",202,18.98333333,2006
"2548",203,18.95583333,2006
"2549",204,18.7375,2006
"2550",205,18.68416667,2006
"2551",206,19.25,2006
"2552",207,19.10333333,2006
"2553",208,19.56083333,2006
"2554",209,19.62833333,2006
"2555",210,19.845,2006
"2556",211,19.27666667,2006
"2557",212,19.15666667,2006
"2558",213,19.49416667,2006
"2559",214,19.91333333,2006
"2560",215,19.82,2006
"2561",216,19.67166667,2006
"2562",217,19.64333333,2006
"2563",218,19.575,2006
"2564",219,19.88666667,2006
"2565",220,19.86,2006
"2566",221,19.6425,2006
"2567",222,19.96666667,2006
"2568",223,19.83333333,2006
"2569",224,19.615,2006
"2570",225,18.944,2006
"2571",226,19.66,2006
"2572",227,19.73875,2006
"2573",228,19.53416667,2006
"2574",229,19.6825,2006
"2575",230,19.88666667,2006
"2576",231,19.76666667,2006
"2577",232,19.44,2006
"2578",233,19.58916667,2006
"2579",234,19.42416667,2006
"2580",235,19.18333333,2006
"2581",236,18.955,2006
"2582",237,18.93,2006
"2583",238,19.01,2006
"2584",239,18.99666667,2006
"2585",240,19.06333333,2006
"2586",241,18.77833333,2006
"2587",242,18.41333333,2006
"2588",243,18.42666667,2006
"2589",244,18.41333333,2006
"2590",245,18.32,2006
"2591",246,18.5875,2006
"2592",247,18.44,2006
"2593",248,18.24,2006
"2594",249,17.92,2006
"2595",250,17.65333333,2006
"2596",251,17.50666667,2006
"2597",252,17.45333333,2006
"2598",253,17.25333333,2006
"2599",254,17.14666667,2006
"2600",255,17.12,2006
"2601",256,17.24,2006
"2602",257,17.09333333,2006
"2603",258,17.06666667,2006
"2604",259,17.06666667,2006
"2605",260,16.85333333,2006
"2606",261,16.495,2006
"2607",262,16.15666667,2006
"2608",263,15.94583333,2006
"2609",264,15.72666667,2006
"2610",265,15.54,2006
"2611",266,15.36666667,2006
"2612",267,15.23333333,2006
"2613",268,14.99666667,2006
"2614",269,14.72333333,2006
"2615",270,14.43,2006
"2616",271,14.21333333,2006
"2617",272,14.0425,2006
"2618",273,13.94166667,2006
"2619",274,13.8625,2006
"2620",275,13.77,2006
"2621",276,13.505,2006
"2622",277,13.275,2006
"2623",278,13.10916667,2006
"2624",279,13.0975,2006
"2625",280,13.02166667,2006
"2626",281,12.6025,2006
"2627",282,12.2925,2006
"2628",283,11.93333333,2006
"2629",284,11.1475,2006
"2630",285,10.8125,2006
"2631",286,10.505,2006
"2632",287,10.29916667,2006
"2633",288,10.11833333,2006
"2634",289,10.1325,2006
"2635",290,9.963333333,2006
"2636",291,9.653333333,2006
"2637",292,9.506666667,2006
"2638",293,9.265,2006
"2639",294,9.006666667,2006
"2640",295,8.8425,2006
"2641",296,8.658333333,2006
"2642",297,8.395,2006
"2643",298,8.1475,2006
"2644",299,8.06,2006
"2645",300,7.869166667,2006
"2646",301,7.63,2006
"2647",302,7.4525,2006
"2648",303,7.171666667,2006
"2649",304,6.723333333,2006
"2650",305,6.48,2006
"2651",306,6.2475,2006
"2652",307,5.996666667,2006
"2653",308,5.855384615,2006
"2654",309,5.815,2006
"2655",310,5.7525,2006
"2656",311,5.74,2006
"2657",312,5.569166667,2006
"2658",313,5.336666667,2006
"2659",314,5.04,2006
"2660",315,4.8,2006
"2661",316,4.6175,2006
"2662",317,4.476666667,2006
"2663",318,4.305,2006
"2664",319,4.153333333,2006
"2665",320,4.02,2006
"2666",321,3.995,2006
"2667",322,3.8825,2006
"2668",323,3.71,2006
"2669",324,3.83,2006
"2670",325,3.803333333,2006
"2671",326,3.87,2006
"2672",327,3.856666667,2006
"2673",328,3.895,2006
"2674",329,3.83,2006
"2675",330,3.570833333,2006
"2676",331,3.4,2006
"2677",332,3.413333333,2006
"2678",333,3.151666667,2006
"2679",334,2.785,2006
"2680",335,2.486666667,2006
"2681",336,2.286666667,2006
"2682",337,2.14,2006
"2683",338,2.14,2006
"2684",339,2.073333333,2006
"2685",340,1.873333333,2006
"2686",341,1.67,2006
"2687",342,1.643333333,2006
"2688",343,1.695,2006
"2689",344,1.82,2006
"2690",345,1.82,2006
"2691",346,1.82,2006
"2692",347,1.82,2006
"2693",348,1.82,2006
"2694",349,1.77,2006
"2695",350,1.563333333,2006
"2696",351,1.47,2006
"2697",352,1.283333333,2006
"2698",353,1.336666667,2006
"2699",354,1.283333333,2006
"2700",355,1.336666667,2006
"2701",356,1.39,2006
"2702",357,1.323333333,2006
"2703",358,1.323333333,2006
"2704",359,1.203333333,2006
"2705",360,1.323333333,2006
"2706",361,1.216666667,2006
"2707",362,1.283333333,2006
"2708",363,1.39,2006
"2709",364,1.35,2006
"2710",365,1.35,2006
"2711",1,1.27,2007
"2712",2,1.23,2007
"2713",3,1.203333333,2007
"2714",4,1.283333333,2007
"2715",5,1.35,2007
"2716",6,1.243333333,2007
"2717",7,1.19,2007
"2718",8,1.136666667,2007
"2719",9,0.87,2007
"2720",10,0.91,2007
"2721",11,1.003333333,2007
"2722",12,0.87,2007
"2723",13,0.803333333,2007
"2724",14,0.883333333,2007
"2725",15,0.683333333,2007
"2726",16,0.67,2007
"2727",17,0.79,2007
"2728",18,0.816666667,2007
"2729",19,0.696666667,2007
"2730",20,0.63,2007
"2731",21,0.79,2007
"2732",22,0.75,2007
"2733",23,0.67,2007
"2734",24,0.55,2007
"2735",25,0.496666667,2007
"2736",26,0.536666667,2007
"2737",27,0.39,2007
"2738",28,0.31,2007
"2739",29,0.256666667,2007
"2740",30,0.256666667,2007
"2741",31,0.23,2007
"2742",32,0.23,2007
"2743",33,0.203333333,2007
"2744",34,0.136666667,2007
"2745",35,0.096666667,2007
"2746",36,0.11,2007
"2747",37,0.096666667,2007
"2748",38,0.123333333,2007
"2749",39,0.07,2007
"2750",40,0.096666667,2007
"2751",41,0.096666667,2007
"2752",42,0.083333333,2007
"2753",43,0.083333333,2007
"2754",44,0.083333333,2007
"2755",45,0.083333333,2007
"2756",46,0.096666667,2007
"2757",47,0.07,2007
"2758",48,0.083333333,2007
"2759",49,0.07,2007
"2760",50,0.07,2007
"2761",51,0.07,2007
"2762",52,0.07,2007
"2763",53,0.07,2007
"2764",54,0.07,2007
"2765",55,0.096666667,2007
"2766",56,0.07,2007
"2767",57,0.096666667,2007
"2768",58,0.096666667,2007
"2769",59,0.083333333,2007
"2770",60,0.096666667,2007
"2771",61,0.07,2007
"2772",62,0.096666667,2007
"2773",63,0.083333333,2007
"2774",64,0.07,2007
"2775",65,0.07,2007
"2776",66,0.11,2007
"2777",67,0.07,2007
"2778",68,0.07,2007
"2779",69,0.123333333,2007
"2780",70,0.142727273,2007
"2781",71,0.07,2007
"2782",72,0.15,2007
"2783",73,0.15,2007
"2784",74,0.15,2007
"2785",75,0.163333333,2007
"2786",76,0.243333333,2007
"2787",77,0.296666667,2007
"2788",78,0.256666667,2007
"2789",79,0.243333333,2007
"2790",80,0.243333333,2007
"2791",81,0.31,2007
"2792",82,0.39,2007
"2793",83,0.443333333,2007
"2794",84,0.39,2007
"2795",85,0.456666667,2007
"2796",86,0.603333333,2007
"2797",87,0.603333333,2007
"2798",88,0.55,2007
"2799",89,0.683333333,2007
"2800",90,0.763333333,2007
"2801",91,0.763333333,2007
"2802",92,0.87,2007
"2803",93,0.723333333,2007
"2804",94,0.55,2007
"2805",95,0.616666667,2007
"2806",96,0.576666667,2007
"2807",97,0.43,2007
"2808",98,0.43,2007
"2809",99,0.536666667,2007
"2810",100,0.643333333,2007
"2811",101,0.683333333,2007
"2812",102,0.723333333,2007
"2813",103,0.83,2007
"2814",104,0.843333333,2007
"2815",105,0.95,2007
"2816",106,1.043333333,2007
"2817",107,1.11,2007
"2818",108,1.283333333,2007
"2819",109,1.403333333,2007
"2820",110,1.56,2007
"2821",111,1.616666667,2007
"2822",112,1.7325,2007
"2823",113,1.9025,2007
"2824",114,2.033333333,2007
"2825",115,2.26,2007
"2826",116,2.445833333,2007
"2827",117,2.655833333,2007
"2828",118,2.929166667,2007
"2829",119,3.0725,2007
"2830",120,3.02,2007
"2831",121,3.24,2007
"2832",122,3.626,2007
"2833",123,4.031666667,2007
"2834",124,4.185833333,2007
"2835",125,4.476666667,2007
"2836",126,4.5925,2007
"2837",127,4.75,2007
"2838",128,5.075833333,2007
"2839",129,5.435,2007
"2840",130,5.566666667,2007
"2841",131,5.955833333,2007
"2842",132,6.215833333,2007
"2843",133,6.15,2007
"2844",134,6.135833333,2007
"2845",135,6.445833333,2007
"2846",136,6.655833333,2007
"2847",137,6.925,2007
"2848",138,6.8125,2007
"2849",139,6.983333333,2007
"2850",140,6.991666667,2007
"2851",141,6.7575,2007
"2852",142,6.8975,2007
"2853",143,7.315,2007
"2854",144,7.5575,2007
"2855",145,7.7375,2007
"2856",146,7.93,2007
"2857",147,7.7125,2007
"2858",148,7.9575,2007
"2859",149,7.93,2007
"2860",150,8.195833333,2007
"2861",151,8.595833333,2007
"2862",152,9.125,2007
"2863",153,9.520833333,2007
"2864",154,9.816666667,2007
"2865",155,10.43333333,2007
"2866",156,9.933333333,2007
"2867",157,9.893333333,2007
"2868",158,9.623333333,2007
"2869",159,9.855833333,2007
"2870",160,10.48333333,2007
"2871",161,10.78333333,2007
"2872",162,11.0775,2007
"2873",163,11.54166667,2007
"2874",164,11.9025,2007
"2875",165,12.34166667,2007
"2876",166,12.52083333,2007
"2877",167,12.74083333,2007
"2878",168,14.40333333,2007
"2879",169,12.83,2007
"2880",170,12.455,2007
"2881",171,12.9225,2007
"2882",172,12.80333333,2007
"2883",173,13.26666667,2007
"2884",174,12.72833333,2007
"2885",175,13.16666667,2007
"2886",176,13.64,2007
"2887",177,13.70666667,2007
"2888",178,13.8625,2007
"2889",179,14.285,2007
"2890",180,13.88833333,2007
"2891",181,14.5175,2007
"2892",182,14.595,2007
"2893",183,14.2475,2007
"2894",184,14.2475,2007
"2895",185,14.31083333,2007
"2896",186,14.7,2007
"2897",187,14.84833333,2007
"2898",188,14.50416667,2007
"2899",189,14.41666667,2007
"2900",190,15.19,2007
"2901",191,15.10916667,2007
"2902",192,14.5425,2007
"2903",193,14.34916667,2007
"2904",194,14.555,2007
"2905",195,14.75333333,2007
"2906",196,15.085,2007
"2907",197,15.22916667,2007
"2908",198,15.23,2007
"2909",199,15.19333333,2007
"2910",200,15.295,2007
"2911",201,15.09833333,2007
"2912",202,15.50333333,2007
"2913",203,15.5325,2007
"2914",204,15.835,2007
"2915",205,15.9,2007
"2916",206,16.1775,2007
"2917",207,16.45,2007
"2918",208,16.65,2007
"2919",209,16.92666667,2007
"2920",210,17.02,2007
"2921",211,17.43083333,2007
"2922",212,17.69666667,2007
"2923",213,17.71,2007
"2924",214,17.80333333,2007
"2925",215,17.95,2007
"2926",216,17.71,2007
"2927",217,18.1125,2007
"2928",218,18.63583333,2007
"2929",219,18.88,2007
"2930",220,18.70666667,2007
"2931",221,18.85333333,2007
"2932",222,19.20416667,2007
"2933",223,19.49,2007
"2934",224,19.2325,2007
"2935",225,19.37,2007
"2936",226,19.16583333,2007
"2937",227,18.9475,2007
"2938",228,18.76,2007
"2939",229,18.4875,2007
"2940",230,18.19,2007
"2941",231,18.05666667,2007
"2942",232,17.92333333,2007
"2943",233,17.85666667,2007
"2944",234,17.79,2007
"2945",235,17.79,2007
"2946",236,17.81666667,2007
"2947",237,17.88333333,2007
"2948",238,17.80333333,2007
"2949",239,17.69666667,2007
"2950",240,17.79,2007
"2951",241,17.89666667,2007
"2952",242,17.76333333,2007
"2953",243,17.77666667,2007
"2954",244,17.76333333,2007
"2955",245,17.67,2007
"2956",246,17.87,2007
"2957",247,17.77666667,2007
"2958",248,17.56333333,2007
"2959",249,17.59,2007
"2960",250,17.47,2007
"2961",251,17.25666667,2007
"2962",252,17.0225,2007
"2963",253,16.83714286,2007
"2964",254,16.5375,2007
"2965",255,16.09083333,2007
"2966",256,15.7525,2007
"2967",257,15.43666667,2007
"2968",258,14.9125,2007
"2969",259,14.5775,2007
"2970",260,14.35833333,2007
"2971",261,14.17416667,2007
"2972",262,14.10416667,2007
"2973",263,13.78333333,2007
"2974",264,13.5075,2007
"2975",265,13.36833333,2007
"2976",266,13.335,2007
"2977",267,13.2825,2007
"2978",268,13.37833333,2007
"2979",269,13.32833333,2007
"2980",270,13.185,2007
"2981",271,13.22083333,2007
"2982",272,13.1825,2007
"2983",273,13.06583333,2007
"2984",274,13.04583333,2007
"2985",275,13.0125,2007
"2986",276,12.96333333,2007
"2987",277,12.93916667,2007
"2988",278,12.795,2007
"2989",279,12.5575,2007
"2990",280,12.32583333,2007
"2991",281,12.17583333,2007
"2992",282,12.02083333,2007
"2993",283,11.6,2007
"2994",284,11.17083333,2007
"2995",285,10.94083333,2007
"2996",286,10.645,2007
"2997",287,10.32,2007
"2998",288,10.15166667,2007
"2999",289,9.995833333,2007
"3000",290,9.9875,2007
"3001",291,10.03333333,2007
"3002",292,10.07,2007
"3003",293,10.10583333,2007
"3004",294,10.06833333,2007
"3005",295,9.979166667,2007
"3006",296,9.833333333,2007
"3007",297,9.603333333,2007
"3008",298,9.3725,2007
"3009",299,9.301666667,2007
"3010",300,9.1825,2007
"3011",301,8.9025,2007
"3012",302,8.768333333,2007
"3013",303,8.713333333,2007
"3014",304,8.635,2007
"3015",305,8.320833333,2007
"3016",306,8.176666667,2007
"3017",307,8.073333333,2007
"3018",308,7.943333333,2007
"3019",309,7.820833333,2007
"3020",310,7.234166667,2007
"3021",311,6.990833333,2007
"3022",312,6.916666667,2007
"3023",313,6.729166667,2007
"3024",314,6.595833333,2007
"3025",315,6.545,2007
"3026",316,6.4525,2007
"3027",317,6.386666667,2007
"3028",318,6.373333333,2007
"3029",319,6.14,2007
"3030",320,5.89,2007
"3031",321,5.799166667,2007
"3032",322,5.636666667,2007
"3033",323,5.531666667,2007
"3034",324,5.381666667,2007
"3035",325,5.150833333,2007
"3036",326,4.77,2007
"3037",327,4.519166667,2007
"3038",328,4.375833333,2007
"3039",329,4.245,2007
"3040",330,4.07,2007
"3041",331,3.783333333,2007
"3042",332,3.453333333,2007
"3043",333,3.216666667,2007
"3044",334,2.7575,2007
"3045",335,2.45,2007
"3046",336,2.356666667,2007
"3047",337,1.9875,2007
"3048",338,1.443333333,2007
"3049",339,1.129166667,2007
"3050",340,0.988333333,2007
"3051",341,0.966666667,2007
"3052",342,0.940833333,2007
"3053",343,0.930833333,2007
"3054",344,0.953333333,2007
"3055",345,0.979166667,2007
"3056",346,0.896666667,2007
"3057",347,0.886666667,2007
"3058",348,0.733333333,2007
"3059",349,0.625,2007
"3060",350,0.645,2007
"3061",351,0.56,2007
"3062",352,0.5475,2007
"3063",353,0.47,2007
"3064",354,0.4575,2007
"3065",355,0.505,2007
"3066",356,0.525,2007
"3067",357,0.500833333,2007
"3068",358,0.411666667,2007
"3069",359,0.3375,2007
"3070",360,0.300833333,2007
"3071",361,0.3225,2007
"3072",362,0.385833333,2007
"3073",363,0.445,2007
"3074",364,0.455,2007
"3075",365,0.455,2007
"3076",1,0.353333333,2008
"3077",2,0.296666667,2008
"3078",3,0.2575,2008
"3079",4,0.224166667,2008
"3080",5,0.2225,2008
"3081",6,0.235,2008
"3082",7,0.235,2008
"3083",8,0.26,2008
"3084",9,0.219166667,2008
"3085",10,0.215,2008
"3086",11,0.2525,2008
"3087",12,0.25,2008
"3088",13,0.264166667,2008
"3089",14,0.235,2008
"3090",15,0.218333333,2008
"3091",16,0.235,2008
"3092",17,0.1975,2008
"3093",18,0.17,2008
"3094",19,0.14,2008
"3095",20,0.13,2008
"3096",21,0.135,2008
"3097",22,0.1275,2008
"3098",23,0.13,2008
"3099",24,0.1275,2008
"3100",25,0.1525,2008
"3101",26,0.15,2008
"3102",27,0.169166667,2008
"3103",28,0.178333333,2008
"3104",29,0.176666667,2008
"3105",30,0.1075,2008
"3106",31,0.1325,2008
"3107",32,0.1575,2008
"3108",33,0.195833333,2008
"3109",34,0.2025,2008
"3110",35,0.2,2008
"3111",36,0.1825,2008
"3112",37,0.1625,2008
"3113",38,0.180833333,2008
"3114",39,0.193333333,2008
"3115",40,0.210833333,2008
"3116",41,0.135,2008
"3117",42,0.1375,2008
"3118",43,0.1325,2008
"3119",44,0.1425,2008
"3120",45,0.145,2008
"3121",46,0.1275,2008
"3122",47,0.1075,2008
"3123",48,0.1575,2008
"3124",49,0.12,2008
"3125",50,0.125,2008
"3126",51,0.1225,2008
"3127",52,0.13,2008
"3128",53,0.155833333,2008
"3129",54,0.155,2008
"3130",55,0.174166667,2008
"3131",56,0.2,2008
"3132",57,0.165,2008
"3133",58,0.17,2008
"3134",59,0.185833333,2008
"3135",60,0.21,2008
"3136",61,0.2375,2008
"3137",62,0.240833333,2008
"3138",63,0.234166667,2008
"3139",64,0.21,2008
"3140",65,0.2475,2008
"3141",66,0.235,2008
"3142",67,0.226666667,2008
"3143",68,0.24,2008
"3144",69,0.245833333,2008
"3145",70,0.249166667,2008
"3146",71,0.268333333,2008
"3147",72,0.254166667,2008
"3148",73,0.284166667,2008
"3149",74,0.3,2008
"3150",75,0.274166667,2008
"3151",76,0.290833333,2008
"3152",77,0.3075,2008
"3153",78,0.3425,2008
"3154",79,0.36,2008
"3155",80,0.34,2008
"3156",81,0.373333333,2008
"3157",82,0.393333333,2008
"3158",83,0.3725,2008
"3159",84,0.425833333,2008
"3160",85,0.45,2008
"3161",86,0.436666667,2008
"3162",87,0.445,2008
"3163",88,0.484166667,2008
"3164",89,0.5175,2008
"3165",90,0.501666667,2008
"3166",91,0.5425,2008
"3167",92,0.546666667,2008
"3168",93,0.541666667,2008
"3169",94,0.65,2008
"3170",95,0.67,2008
"3171",96,0.75,2008
"3172",97,0.73,2008
"3173",98,0.769166667,2008
"3174",99,0.756666667,2008
"3175",100,0.784166667,2008
"3176",101,0.828333333,2008
"3177",102,0.749166667,2008
"3178",103,0.789166667,2008
"3179",104,0.798333333,2008
"3180",105,0.853333333,2008
"3181",106,0.96,2008
"3182",107,1.080833333,2008
"3183",108,1.155,2008
"3184",109,1.338333333,2008
"3185",110,1.435,2008
"3186",111,1.5875,2008
"3187",112,1.775,2008
"3188",113,1.845,2008
"3189",114,2.070833333,2008
"3190",115,2.186666667,2008
"3191",116,2.25,2008
"3192",117,2.211666667,2008
"3193",118,2.075,2008
"3194",119,1.995833333,2008
"3195",120,2.04,2008
"3196",121,2.243333333,2008
"3197",122,2.4125,2008
"3198",123,2.506666667,2008
"3199",124,2.584166667,2008
"3200",125,2.56,2008
"3201",126,2.613333333,2008
"3202",127,2.770833333,2008
"3203",128,2.955,2008
"3204",129,3.094166667,2008
"3205",130,3.325,2008
"3206",131,3.518333333,2008
"3207",132,3.518333333,2008
"3208",133,3.670833333,2008
"3209",134,3.734166667,2008
"3210",135,3.914166667,2008
"3211",136,4.065,2008
"3212",137,4.215,2008
"3213",138,4.339166667,2008
"3214",139,4.389166667,2008
"3215",140,4.536666667,2008
"3216",141,4.635833333,2008
"3217",142,4.548333333,2008
"3218",143,4.48,2008
"3219",144,4.7025,2008
"3220",145,4.930833333,2008
"3221",146,4.844166667,2008
"3222",147,4.981666667,2008
"3223",148,5.026666667,2008
"3224",149,5.1,2008
"3225",150,5.161666667,2008
"3226",151,5.105833333,2008
"3227",152,5.264166667,2008
"3228",153,5.516666667,2008
"3229",154,5.675833333,2008
"3230",155,5.815833333,2008
"3231",156,5.755833333,2008
"3232",157,6.131666667,2008
"3233",158,6.5875,2008
"3234",159,6.765,2008
"3235",160,7.106666667,2008
"3236",161,7.618333333,2008
"3237",162,7.473333333,2008
"3238",163,7.445833333,2008
"3239",164,7.486666667,2008
"3240",165,7.5475,2008
"3241",166,7.625,2008
"3242",167,7.5475,2008
"3243",168,7.675,2008
"3244",169,7.461666667,2008
"3245",170,7.6575,2008
"3246",171,8.029166667,2008
"3247",172,8.255833333,2008
"3248",173,8.644166667,2008
"3249",174,9.0975,2008
"3250",175,9.1075,2008
"3251",176,9.393333333,2008
"3252",177,9.678333333,2008
"3253",178,9.871666667,2008
"3254",179,9.69,2008
"3255",180,10.02333333,2008
"3256",181,10.44083333,2008
"3257",182,10.325,2008
"3258",183,10.615,2008
"3259",184,11.06833333,2008
"3260",185,11.00333333,2008
"3261",186,11.12916667,2008
"3262",187,11.43333333,2008
"3263",188,11.5725,2008
"3264",189,12.14916667,2008
"3265",190,11.9275,2008
"3266",191,12.33083333,2008
"3267",192,12.51083333,2008
"3268",193,12.4725,2008
"3269",194,12.71166667,2008
"3270",195,12.79583333,2008
"3271",196,12.90583333,2008
"3272",197,12.89583333,2008
"3273",198,13.2275,2008
"3274",199,13.38583333,2008
"3275",200,13.715,2008
"3276",201,14.09833333,2008
"3277",202,14.02833333,2008
"3278",203,14.44833333,2008
"3279",204,14.7675,2008
"3280",205,14.90416667,2008
"3281",206,15.16416667,2008
"3282",207,15.18583333,2008
"3283",208,15.505,2008
"3284",209,15.2125,2008
"3285",210,15.37083333,2008
"3286",211,15.84833333,2008
"3287",212,16.24083333,2008
"3288",213,16.61666667,2008
"3289",214,16.71666667,2008
"3290",215,17.0475,2008
"3291",216,17.21833333,2008
"3292",217,17.28166667,2008
"3293",218,17.2325,2008
"3294",219,17.18666667,2008
"3295",220,17.26583333,2008
"3296",221,17.34333333,2008
"3297",222,17.82583333,2008
"3298",223,17.99,2008
"3299",224,18.33666667,2008
"3300",225,18.56,2008
"3301",226,18.83833333,2008
"3302",227,18.9425,2008
"3303",228,19.03666667,2008
"3304",229,19.15416667,2008
"3305",230,19.29083333,2008
"3306",231,19.385,2008
"3307",232,19.07,2008
"3308",233,19.15333333,2008
"3309",234,19.36416667,2008
"3310",235,19.41166667,2008
"3311",236,19.30833333,2008
"3312",237,19.08666667,2008
"3313",238,18.75166667,2008
"3314",239,18.53916667,2008
"3315",240,18.11666667,2008
"3316",241,17.47666667,2008
"3317",242,16.99166667,2008
"3318",243,16.6025,2008
"3319",244,16.49083333,2008
"3320",245,16.5775,2008
"3321",246,16.565,2008
"3322",247,16.53,2008
"3323",248,16.24916667,2008
"3324",249,15.88083333,2008
"3325",250,15.73666667,2008
"3326",251,15.59666667,2008
"3327",252,15.41833333,2008
"3328",253,14.9975,2008
"3329",254,14.695,2008
"3330",255,14.6275,2008
"3331",256,14.54,2008
"3332",257,14.45416667,2008
"3333",258,14.50833333,2008
"3334",259,14.45333333,2008
"3335",260,14.50166667,2008
"3336",261,14.5,2008
"3337",262,14.285,2008
"3338",263,14.23333333,2008
"3339",264,14.19333333,2008
"3340",265,13.94166667,2008
"3341",266,13.83166667,2008
"3342",267,13.82583333,2008
"3343",268,13.78833333,2008
"3344",269,13.68833333,2008
"3345",270,13.55666667,2008
"3346",271,13.4625,2008
"3347",272,13.28166667,2008
"3348",273,13.0825,2008
"3349",274,12.95833333,2008
"3350",275,12.67166667,2008
"3351",276,12.41,2008
"3352",277,12.07,2008
"3353",278,11.78833333,2008
"3354",279,11.5575,2008
"3355",280,11.19083333,2008
"3356",281,11.02583333,2008
"3357",282,10.88916667,2008
"3358",283,10.7875,2008
"3359",284,10.6525,2008
"3360",285,10.57666667,2008
"3361",286,10.5575,2008
"3362",287,10.5975,2008
"3363",288,10.51333333,2008
"3364",289,10.46916667,2008
"3365",290,10.29,2008
"3366",291,10.11166667,2008
"3367",292,10.02333333,2008
"3368",293,10.0175,2008
"3369",294,9.930833333,2008
"3370",295,9.743333333,2008
"3371",296,9.514166667,2008
"3372",297,9.469166667,2008
"3373",298,9.31,2008
"3374",299,9.226666667,2008
"3375",300,9.096666667,2008
"3376",301,8.799166667,2008
"3377",302,8.504166667,2008
"3378",303,8.2025,2008
"3379",304,8.024166667,2008
"3380",305,7.9125,2008
"3381",306,7.635,2008
"3382",307,7.471666667,2008
"3383",308,7.444166667,2008
"3384",309,7.428333333,2008
"3385",310,7.409166667,2008
"3386",311,7.415,2008
"3387",312,7.346666667,2008
"3388",313,7.124166667,2008
"3389",314,6.695833333,2008
"3390",315,6.311666667,2008
"3391",316,6.0125,2008
"3392",317,5.9475,2008
"3393",318,5.8525,2008
"3394",319,5.735833333,2008
"3395",320,5.456666667,2008
"3396",321,5.17,2008
"3397",322,4.8375,2008
"3398",323,4.569166667,2008
"3399",324,4.26,2008
"3400",325,3.785833333,2008
"3401",326,3.3225,2008
"3402",327,2.989166667,2008
"3403",328,3.0225,2008
"3404",329,2.9025,2008
"3405",330,2.733333333,2008
"3406",331,2.6125,2008
"3407",332,2.553333333,2008
"3408",333,2.516666667,2008
"3409",334,2.4325,2008
"3410",335,2.3,2008
"3411",336,2.138333333,2008
"3412",337,2.154166667,2008
"3413",338,2.054166667,2008
"3414",339,1.706666667,2008
"3415",340,1.474166667,2008
"3416",341,1.478333333,2008
"3417",342,1.395,2008
"3418",343,1.328333333,2008
"3419",344,1.12,2008
"3420",345,0.845833333,2008
"3421",346,0.784166667,2008
"3422",347,0.755833333,2008
"3423",348,0.820833333,2008
"3424",349,0.716666667,2008
"3425",350,0.620833333,2008
"3426",351,0.593333333,2008
"3427",352,0.606666667,2008
"3428",353,0.519166667,2008
"3429",354,0.431666667,2008
"3430",355,0.383333333,2008
"3431",356,0.285,2008
"3432",357,0.1825,2008
"3433",358,0.1475,2008
"3434",359,0.1325,2008
"3435",360,0.075833333,2008
"3436",361,0.11,2008
"3437",362,0.1325,2008
"3438",363,0.09,2008
"3439",364,0.058333333,2008
"3440",365,0.035833333,2008
"3441",1,0.051666667,2009
"3442",2,0.035833333,2009
"3443",3,0.031,2009
"3444",4,0.054166667,2009
"3445",5,0.019,2009
"3446",6,0.028333333,2009
"3447",7,0.056666667,2009
"3448",8,0.048333333,2009
"3449",9,0.025166667,2009
"3450",10,0.034,2009
"3451",11,0.0575,2009
"3452",12,0.0285,2009
"3453",13,0.000166667,2009
"3454",14,0.002,2009
"3455",15,0.011,2009
"3456",16,0.014666667,2009
"3457",17,0.0375,2009
"3458",18,0.04,2009
"3459",19,0.038333333,2009
"3460",20,0.0525,2009
"3461",21,0.0775,2009
"3462",22,0.06,2009
"3463",23,0.0325,2009
"3464",24,0.031666667,2009
"3465",25,0.031333333,2009
"3466",26,0.031333333,2009
"3467",27,0.021333333,2009
"3468",28,0.042166667,2009
"3469",29,0.051666667,2009
"3470",30,0.020833333,2009
"3471",31,0.045,2009
"3472",32,0.056666667,2009
"3473",33,0.029166667,2009
"3474",34,0.027166667,2009
"3475",35,0.0295,2009
"3476",36,0.049166667,2009
"3477",37,0.0525,2009
"3478",38,0.068333333,2009
"3479",39,0.0625,2009
"3480",40,0.075833333,2009
"3481",41,0.0925,2009
"3482",42,0.11,2009
"3483",43,0.095,2009
"3484",44,0.1025,2009
"3485",45,0.11,2009
"3486",46,0.090833333,2009
"3487",47,0.1,2009
"3488",48,0.1025,2009
"3489",49,0.079166667,2009
"3490",50,0.079166667,2009
"3491",51,0.093333333,2009
"3492",52,0.0925,2009
"3493",53,0.0875,2009
"3494",54,0.085833333,2009
"3495",55,0.095,2009
"3496",56,0.085,2009
"3497",57,0.055833333,2009
"3498",58,0.049166667,2009
"3499",59,0.063333333,2009
"3500",60,0.061666667,2009
"3501",61,0.07,2009
"3502",62,0.084166667,2009
"3503",63,0.083333333,2009
"3504",64,0.1,2009
"3505",65,0.115,2009
"3506",66,0.12,2009
"3507",67,0.11,2009
"3508",68,0.124166667,2009
"3509",69,0.13,2009
"3510",70,0.081666667,2009
"3511",71,0.119166667,2009
"3512",72,0.140833333,2009
"3513",73,0.166666667,2009
"3514",74,0.164166667,2009
"3515",75,0.189166667,2009
"3516",76,0.184166667,2009
"3517",77,0.1725,2009
"3518",78,0.2025,2009
"3519",79,0.239166667,2009
"3520",80,0.285,2009
"3521",81,0.301666667,2009
"3522",82,0.298333333,2009
"3523",83,0.331666667,2009
"3524",84,0.34,2009
"3525",85,0.359166667,2009
"3526",86,0.3375,2009
"3527",87,0.383333333,2009
"3528",88,0.416666667,2009
"3529",89,0.4375,2009
"3530",90,0.413333333,2009
"3531",91,0.445,2009
"3532",92,0.494166667,2009
"3533",93,0.525833333,2009
"3534",94,0.555,2009
"3535",95,0.555,2009
"3536",96,0.578333333,2009
"3537",97,0.619166667,2009
"3538",98,0.694166667,2009
"3539",99,0.720833333,2009
"3540",100,0.804166667,2009
"3541",101,0.870833333,2009
"3542",102,0.971666667,2009
"3543",103,1.044166667,2009
"3544",104,1.1775,2009
"3545",105,1.284166667,2009
"3546",106,1.400833333,2009
"3547",107,1.450833333,2009
"3548",108,1.565833333,2009
"3549",109,1.63,2009
"3550",110,1.660833333,2009
"3551",111,1.6025,2009
"3552",112,1.6525,2009
"3553",113,1.765,2009
"3554",114,1.771666667,2009
"3555",115,1.848333333,2009
"3556",116,1.8975,2009
"3557",117,1.963333333,2009
"3558",118,2.110833333,2009
"3559",119,2.3,2009
"3560",120,2.416666667,2009
"3561",121,2.271666667,2009
"3562",122,2.538333333,2009
"3563",123,2.719166667,2009
"3564",124,3.03,2009
"3565",125,3.230833333,2009
"3566",126,3.451666667,2009
"3567",127,3.755833333,2009
"3568",128,3.986666667,2009
"3569",129,3.953333333,2009
"3570",130,4.0175,2009
"3571",131,4.228333333,2009
"3572",132,4.291666667,2009
"3573",133,4.234166667,2009
"3574",134,4.183333333,2009
"3575",135,4.216666667,2009
"3576",136,4.205833333,2009
"3577",137,4.2575,2009
"3578",138,4.250833333,2009
"3579",139,4.2325,2009
"3580",140,4.363333333,2009
"3581",141,4.634166667,2009
"3582",142,4.734166667,2009
"3583",143,4.904166667,2009
"3584",144,5.11,2009
"3585",145,5.105833333,2009
"3586",146,5.116666667,2009
"3587",147,5.370833333,2009
"3588",148,5.633333333,2009
"3589",149,5.826666667,2009
"3590",150,5.976666667,2009
"3591",151,6.071666667,2009
"3592",152,6.215833333,2009
"3593",153,6.259166667,2009
"3594",154,6.193333333,2009
"3595",155,6.269166667,2009
"3596",156,6.468333333,2009
"3597",157,6.6325,2009
"3598",158,6.6625,2009
"3599",159,6.783333333,2009
"3600",160,7.155,2009
"3601",161,7.291666667,2009
"3602",162,7.5675,2009
"3603",163,7.785,2009
"3604",164,7.6275,2009
"3605",165,7.936666667,2009
"3606",166,8.125833333,2009
"3607",167,8.266666667,2009
"3608",168,8.7225,2009
"3609",169,8.820833333,2009
"3610",170,9.128333333,2009
"3611",171,9.510833333,2009
"3612",172,9.790833333,2009
"3613",173,9.946666667,2009
"3614",174,10.5325,2009
"3615",175,10.9375,2009
"3616",176,11.315,2009
"3617",177,11.30416667,2009
"3618",178,11.34666667,2009
"3619",179,11.66583333,2009
"3620",180,11.83416667,2009
"3621",181,11.5325,2009
"3622",182,11.55166667,2009
"3623",183,11.80416667,2009
"3624",184,12.03333333,2009
"3625",185,12.08666667,2009
"3626",186,12.0175,2009
"3627",187,11.7525,2009
"3628",188,11.6075,2009
"3629",189,11.79333333,2009
"3630",190,11.645,2009
"3631",191,11.82666667,2009
"3632",192,12.0875,2009
"3633",193,11.94333333,2009
"3634",194,12.02333333,2009
"3635",195,12.34166667,2009
"3636",196,12.32666667,2009
"3637",197,12.63166667,2009
"3638",198,12.765,2009
"3639",199,12.70833333,2009
"3640",200,12.93333333,2009
"3641",201,13.10583333,2009
"3642",202,13.29666667,2009
"3643",203,13.5725,2009
"3644",204,13.625,2009
"3645",205,13.61166667,2009
"3646",206,13.77916667,2009
"3647",207,14.0025,2009
"3648",208,14.07166667,2009
"3649",209,14.39666667,2009
"3650",210,14.7875,2009
"3651",211,14.75416667,2009
"3652",212,14.85666667,2009
"3653",213,14.6825,2009
"3654",214,14.92,2009
"3655",215,14.87416667,2009
"3656",216,14.80416667,2009
"3657",217,15.03,2009
"3658",218,15.25083333,2009
"3659",219,15.32583333,2009
"3660",220,15.22666667,2009
"3661",221,15.41083333,2009
"3662",222,15.62333333,2009
"3663",223,15.64666667,2009
"3664",224,15.69083333,2009
"3665",225,15.82833333,2009
"3666",226,15.91,2009
"3667",227,15.89166667,2009
"3668",228,15.865,2009
"3669",229,15.99090909,2009
"3670",230,16.34727273,2009
"3671",231,15.89166667,2009
"3672",232,16.02416667,2009
"3673",233,16.08666667,2009
"3674",234,16.285,2009
"3675",235,16.27333333,2009
"3676",236,15.97166667,2009
"3677",237,15.70833333,2009
"3678",238,15.32,2009
"3679",239,14.97833333,2009
"3680",240,14.85083333,2009
"3681",241,14.8375,2009
"3682",242,14.865,2009
"3683",243,14.895,2009
"3684",244,14.92833333,2009
"3685",245,14.82166667,2009
"3686",246,15.10083333,2009
"3687",247,15.41666667,2009
"3688",248,15.49166667,2009
"3689",249,15.66583333,2009
"3690",250,15.865,2009
"3691",251,15.87166667,2009
"3692",252,16.02833333,2009
"3693",253,16.25416667,2009
"3694",254,16.35,2009
"3695",255,16.51583333,2009
"3696",256,16.46083333,2009
"3697",257,16.55166667,2009
"3698",258,16.58583333,2009
"3699",259,16.3675,2009
"3700",260,16.29,2009
"3701",261,16.12166667,2009
"3702",262,15.86333333,2009
"3703",263,15.69,2009
"3704",264,15.47666667,2009
"3705",265,15.25,2009
"3706",266,15.13833333,2009
"3707",267,15.1075,2009
"3708",268,14.76083333,2009
"3709",269,13.925,2009
"3710",270,13.5275,2009
"3711",271,13.34916667,2009
"3712",272,13.0075,2009
"3713",273,12.64666667,2009
"3714",274,12.435,2009
"3715",275,12.22583333,2009
"3716",276,11.90583333,2009
"3717",277,11.56083333,2009
"3718",278,11.32833333,2009
"3719",279,11.19166667,2009
"3720",280,10.85083333,2009
"3721",281,10.5475,2009
"3722",282,10.365,2009
"3723",283,10.2,2009
"3724",284,10.02166667,2009
"3725",285,9.800833333,2009
"3726",286,9.585,2009
"3727",287,9.441666667,2009
"3728",288,9.2225,2009
"3729",289,9.084166667,2009
"3730",290,8.923333333,2009
"3731",291,8.745833333,2009
"3732",292,8.505,2009
"3733",293,8.2675,2009
"3734",294,8.078333333,2009
"3735",295,7.900833333,2009
"3736",296,7.784166667,2009
"3737",297,7.749166667,2009
"3738",298,7.674166667,2009
"3739",299,7.598333333,2009
"3740",300,7.605,2009
"3741",301,7.543333333,2009
"3742",302,7.359166667,2009
"3743",303,7.299166667,2009
"3744",304,7.120833333,2009
"3745",305,6.995833333,2009
"3746",306,6.789166667,2009
"3747",307,6.675,2009
"3748",308,6.611666667,2009
"3749",309,6.544166667,2009
"3750",310,6.538333333,2009
"3751",311,6.441666667,2009
"3752",312,6.336666667,2009
"3753",313,6.266666667,2009
"3754",314,6.241666667,2009
"3755",315,6.200833333,2009
"3756",316,6.080833333,2009
"3757",317,5.995,2009
"3758",318,5.955,2009
"3759",319,5.93,2009
"3760",320,5.896666667,2009
"3761",321,5.879166667,2009
"3762",322,5.789166667,2009
"3763",323,5.784166667,2009
"3764",324,5.786666667,2009
"3765",325,5.79,2009
"3766",326,5.7825,2009
"3767",327,5.61,2009
"3768",328,5.414166667,2009
"3769",329,5.304166667,2009
"3770",330,5.235833333,2009
"3771",331,5.186666667,2009
"3772",332,5.0375,2009
"3773",333,4.79,2009
"3774",334,4.508333333,2009
"3775",335,4.325833333,2009
"3776",336,3.98,2009
"3777",337,3.7275,2009
"3778",338,3.416666667,2009
"3779",339,3.038333333,2009
"3780",340,2.548333333,2009
"3781",341,1.918333333,2009
"3782",342,1.625833333,2009
"3783",343,1.470833333,2009
"3784",344,1.366666667,2009
"3785",345,1.205,2009
"3786",346,1.003333333,2009
"3787",347,0.968333333,2009
"3788",348,0.995,2009
"3789",349,1.084166667,2009
"3790",350,0.976666667,2009
"3791",351,0.876666667,2009
"3792",352,0.863333333,2009
"3793",353,0.789166667,2009
"3794",354,0.656666667,2009
"3795",355,0.584166667,2009
"3796",356,0.700833333,2009
"3797",357,0.753333333,2009
"3798",358,0.771666667,2009
"3799",359,0.6525,2009
"3800",360,0.6525,2009
"3801",361,0.656666667,2009
"3802",362,0.605833333,2009
"3803",363,0.605833333,2009
"3804",364,0.605833333,2009
"3805",365,0.605833333,2009
"3806",1,0.5025,2010
"3807",2,0.455,2010
"3808",3,0.509166667,2010
"3809",4,0.5375,2010
"3810",5,0.5,2010
"3811",6,0.411666667,2010
"3812",7,0.363333333,2010
"3813",8,0.290833333,2010
"3814",9,0.226666667,2010
"3815",10,0.1975,2010
"3816",11,0.1425,2010
"3817",12,0.11,2010
"3818",13,0.14,2010
"3819",14,0.1325,2010
"3820",15,0.085833333,2010
"3821",16,0.1125,2010
"3822",17,0.105,2010
"3823",18,0.0775,2010
"3824",19,0.064166667,2010
"3825",20,0.0505,2010
"3826",21,0.086666667,2010
"3827",22,0.076666667,2010
"3828",23,0.081666667,2010
"3829",24,0.0975,2010
"3830",25,0.078,2010
"3831",26,-0.009333333,2010
"3832",27,0.0085,2010
"3833",28,-0.010833333,2010
"3834",29,-0.004,2010
"3835",30,0.000333333,2010
"3836",31,-0.002,2010
"3837",32,-0.001833333,2010
"3838",33,0.004333333,2010
"3839",34,0.019166667,2010
"3840",35,0.031333333,2010
"3841",36,0.016833333,2010
"3842",37,0.017,2010
"3843",38,0.0335,2010
"3844",39,0.016833333,2010
"3845",40,0.012666667,2010
"3846",41,0.0155,2010
"3847",42,0.0355,2010
"3848",43,0.023666667,2010
"3849",44,0.035833333,2010
"3850",45,0.029333333,2010
"3851",46,0.0375,2010
"3852",47,0.04,2010
"3853",48,0.054166667,2010
"3854",49,0.046666667,2010
"3855",50,0.056666667,2010
"3856",51,0.054333333,2010
"3857",52,0.065833333,2010
"3858",53,0.065,2010
"3859",54,0.057166667,2010
"3860",55,0.025833333,2010
"3861",56,0.041666667,2010
"3862",57,0.065833333,2010
"3863",58,0.0675,2010
"3864",59,0.079166667,2010
"3865",60,0.085,2010
"3866",61,0.08,2010
"3867",62,0.086666667,2010
"3868",63,0.105833333,2010
"3869",64,0.109166667,2010
"3870",65,0.13,2010
"3871",66,0.156666667,2010
"3872",67,0.179166667,2010
"3873",68,0.161666667,2010
"3874",69,0.239166667,2010
"3875",70,0.224166667,2010
"3876",71,0.253333333,2010
"3877",72,0.325,2010
"3878",73,0.396666667,2010
"3879",74,0.446666667,2010
"3880",75,0.52,2010
"3881",76,0.593333333,2010
"3882",77,0.661666667,2010
"3883",78,0.5975,2010
"3884",79,0.661666667,2010
"3885",80,0.690833333,2010
"3886",81,0.789166667,2010
"3887",82,0.839166667,2010
"3888",83,0.85,2010
"3889",84,0.726666667,2010
"3890",85,0.806666667,2010
"3891",86,0.836666667,2010
"3892",87,0.878333333,2010
"3893",88,0.853333333,2010
"3894",89,0.953333333,2010
"3895",90,1.133333333,2010
"3896",91,1.2,2010
"3897",92,1.340833333,2010
"3898",93,1.416666667,2010
"3899",94,1.498333333,2010
"3900",95,1.6525,2010
"3901",96,1.785,2010
"3902",97,1.884166667,2010
"3903",98,1.906666667,2010
"3904",99,2.0375,2010
"3905",100,2.19,2010
"3906",101,2.3375,2010
"3907",102,2.445833333,2010
"3908",103,2.5925,2010
"3909",104,2.849166667,2010
"3910",105,2.9575,2010
"3911",106,2.989166667,2010
"3912",107,3.045,2010
"3913",108,3.283333333,2010
"3914",109,3.4875,2010
"3915",110,3.7,2010
"3916",111,3.8475,2010
"3917",112,3.8725,2010
"3918",113,4.028333333,2010
"3919",114,4.159166667,2010
"3920",115,4.355833333,2010
"3921",116,4.4725,2010
"3922",117,4.394166667,2010
"3923",118,4.361428571,2010
